-- phpMyAdmin SQL Dump
-- version 4.5.4.1deb2ubuntu2.1
-- http://www.phpmyadmin.net
--
-- Host: localhost
-- Generation Time: Feb 14, 2019 at 03:07 PM
-- Server version: 5.7.25-0ubuntu0.16.04.2
-- PHP Version: 7.1.26-1+ubuntu16.04.1+deb.sury.org+1

SET SQL_MODE = "NO_AUTO_VALUE_ON_ZERO";
SET time_zone = "+00:00";


/*!40101 SET @OLD_CHARACTER_SET_CLIENT=@@CHARACTER_SET_CLIENT */;
/*!40101 SET @OLD_CHARACTER_SET_RESULTS=@@CHARACTER_SET_RESULTS */;
/*!40101 SET @OLD_COLLATION_CONNECTION=@@COLLATION_CONNECTION */;
/*!40101 SET NAMES utf8mb4 */;

--
-- Database: `api`
--

-- --------------------------------------------------------

--
-- Table structure for table `migrations`
--

CREATE TABLE `migrations` (
  `id` int(10) UNSIGNED NOT NULL,
  `migration` varchar(255) COLLATE utf8mb4_unicode_ci NOT NULL,
  `batch` int(11) NOT NULL
) ENGINE=InnoDB DEFAULT CHARSET=utf8mb4 COLLATE=utf8mb4_unicode_ci;

--
-- Dumping data for table `migrations`
--

INSERT INTO `migrations` (`id`, `migration`, `batch`) VALUES
(1, '2014_10_12_000000_create_users_table', 1),
(2, '2014_10_12_100000_create_password_resets_table', 1),
(3, '2019_02_13_045136_create_products_table', 2),
(4, '2019_02_13_051650_create_reviews_table', 3),
(5, '2016_06_01_000001_create_oauth_auth_codes_table', 4),
(6, '2016_06_01_000002_create_oauth_access_tokens_table', 4),
(7, '2016_06_01_000003_create_oauth_refresh_tokens_table', 4),
(8, '2016_06_01_000004_create_oauth_clients_table', 4),
(9, '2016_06_01_000005_create_oauth_personal_access_clients_table', 4);

-- --------------------------------------------------------

--
-- Table structure for table `oauth_access_tokens`
--

CREATE TABLE `oauth_access_tokens` (
  `id` varchar(100) COLLATE utf8mb4_unicode_ci NOT NULL,
  `user_id` int(11) DEFAULT NULL,
  `client_id` int(11) NOT NULL,
  `name` varchar(255) COLLATE utf8mb4_unicode_ci DEFAULT NULL,
  `scopes` text COLLATE utf8mb4_unicode_ci,
  `revoked` tinyint(1) NOT NULL,
  `created_at` timestamp NULL DEFAULT NULL,
  `updated_at` timestamp NULL DEFAULT NULL,
  `expires_at` datetime DEFAULT NULL
) ENGINE=InnoDB DEFAULT CHARSET=utf8mb4 COLLATE=utf8mb4_unicode_ci;

--
-- Dumping data for table `oauth_access_tokens`
--

INSERT INTO `oauth_access_tokens` (`id`, `user_id`, `client_id`, `name`, `scopes`, `revoked`, `created_at`, `updated_at`, `expires_at`) VALUES
('eb566c2595557e7a590c26df4186b2cba4425ea34f751b7361d7626f0223ab85e99def55332e5d20', 1, 2, NULL, '[]', 0, '2019-02-14 01:44:41', '2019-02-14 01:44:41', '2020-02-14 07:14:41');

-- --------------------------------------------------------

--
-- Table structure for table `oauth_auth_codes`
--

CREATE TABLE `oauth_auth_codes` (
  `id` varchar(100) COLLATE utf8mb4_unicode_ci NOT NULL,
  `user_id` int(11) NOT NULL,
  `client_id` int(11) NOT NULL,
  `scopes` text COLLATE utf8mb4_unicode_ci,
  `revoked` tinyint(1) NOT NULL,
  `expires_at` datetime DEFAULT NULL
) ENGINE=InnoDB DEFAULT CHARSET=utf8mb4 COLLATE=utf8mb4_unicode_ci;

-- --------------------------------------------------------

--
-- Table structure for table `oauth_clients`
--

CREATE TABLE `oauth_clients` (
  `id` int(10) UNSIGNED NOT NULL,
  `user_id` int(11) DEFAULT NULL,
  `name` varchar(255) COLLATE utf8mb4_unicode_ci NOT NULL,
  `secret` varchar(100) COLLATE utf8mb4_unicode_ci NOT NULL,
  `redirect` text COLLATE utf8mb4_unicode_ci NOT NULL,
  `personal_access_client` tinyint(1) NOT NULL,
  `password_client` tinyint(1) NOT NULL,
  `revoked` tinyint(1) NOT NULL,
  `created_at` timestamp NULL DEFAULT NULL,
  `updated_at` timestamp NULL DEFAULT NULL
) ENGINE=InnoDB DEFAULT CHARSET=utf8mb4 COLLATE=utf8mb4_unicode_ci;

--
-- Dumping data for table `oauth_clients`
--

INSERT INTO `oauth_clients` (`id`, `user_id`, `name`, `secret`, `redirect`, `personal_access_client`, `password_client`, `revoked`, `created_at`, `updated_at`) VALUES
(1, NULL, 'Laravel Personal Access Client', '1TqDO4qjJ44eLkDxKg4FeHW2RtfgCMmf8WJU1t2M', 'http://localhost', 1, 0, 0, '2019-02-14 01:11:28', '2019-02-14 01:11:28'),
(2, NULL, 'Laravel Password Grant Client', 'cVw5gkmmqUS6lMD2GxQAoIdlvNxFCL1d2Rmnmwoo', 'http://localhost', 0, 1, 0, '2019-02-14 01:11:28', '2019-02-14 01:11:28');

-- --------------------------------------------------------

--
-- Table structure for table `oauth_personal_access_clients`
--

CREATE TABLE `oauth_personal_access_clients` (
  `id` int(10) UNSIGNED NOT NULL,
  `client_id` int(11) NOT NULL,
  `created_at` timestamp NULL DEFAULT NULL,
  `updated_at` timestamp NULL DEFAULT NULL
) ENGINE=InnoDB DEFAULT CHARSET=utf8mb4 COLLATE=utf8mb4_unicode_ci;

--
-- Dumping data for table `oauth_personal_access_clients`
--

INSERT INTO `oauth_personal_access_clients` (`id`, `client_id`, `created_at`, `updated_at`) VALUES
(1, 1, '2019-02-14 01:11:28', '2019-02-14 01:11:28');

-- --------------------------------------------------------

--
-- Table structure for table `oauth_refresh_tokens`
--

CREATE TABLE `oauth_refresh_tokens` (
  `id` varchar(100) COLLATE utf8mb4_unicode_ci NOT NULL,
  `access_token_id` varchar(100) COLLATE utf8mb4_unicode_ci NOT NULL,
  `revoked` tinyint(1) NOT NULL,
  `expires_at` datetime DEFAULT NULL
) ENGINE=InnoDB DEFAULT CHARSET=utf8mb4 COLLATE=utf8mb4_unicode_ci;

--
-- Dumping data for table `oauth_refresh_tokens`
--

INSERT INTO `oauth_refresh_tokens` (`id`, `access_token_id`, `revoked`, `expires_at`) VALUES
('408388dc5ecd29c17bbd22ba4cd08736ef55573814b70c2b0f6f4e33483a37b09411460d91a2c652', 'eb566c2595557e7a590c26df4186b2cba4425ea34f751b7361d7626f0223ab85e99def55332e5d20', 0, '2020-02-14 07:14:41');

-- --------------------------------------------------------

--
-- Table structure for table `password_resets`
--

CREATE TABLE `password_resets` (
  `email` varchar(255) COLLATE utf8mb4_unicode_ci NOT NULL,
  `token` varchar(255) COLLATE utf8mb4_unicode_ci NOT NULL,
  `created_at` timestamp NULL DEFAULT NULL
) ENGINE=InnoDB DEFAULT CHARSET=utf8mb4 COLLATE=utf8mb4_unicode_ci;

-- --------------------------------------------------------

--
-- Table structure for table `products`
--

CREATE TABLE `products` (
  `id` int(10) UNSIGNED NOT NULL,
  `name` varchar(255) COLLATE utf8mb4_unicode_ci NOT NULL,
  `detail` text COLLATE utf8mb4_unicode_ci NOT NULL,
  `price` int(11) NOT NULL,
  `stock` int(11) NOT NULL,
  `discount` int(11) NOT NULL,
  `created_at` timestamp NULL DEFAULT NULL,
  `updated_at` timestamp NULL DEFAULT NULL
) ENGINE=InnoDB DEFAULT CHARSET=utf8mb4 COLLATE=utf8mb4_unicode_ci;

--
-- Dumping data for table `products`
--

INSERT INTO `products` (`id`, `name`, `detail`, `price`, `stock`, `discount`, `created_at`, `updated_at`) VALUES
(1, 'hic', 'Repellat est commodi quo nulla alias et. Ipsam sed a dolor dolores. Molestiae sed ut iusto ea omnis non et illo.', 654, 9, 18, '2019-02-13 00:56:26', '2019-02-13 00:56:26'),
(2, 'et', 'Aliquid adipisci deleniti est beatae nihil quidem ut tempora. Ut perspiciatis quia eos rem expedita. Accusamus ea maxime in sit aut repellat nobis. Consequatur explicabo veritatis maiores animi molestiae rerum voluptas id.', 900, 3, 4, '2019-02-13 00:56:27', '2019-02-13 00:56:27'),
(3, 'quibusdam', 'Aut quibusdam nihil praesentium recusandae reiciendis eos ut. Maiores quo sed earum possimus sed. Distinctio delectus similique totam deleniti doloremque quia sapiente. At odit consequuntur qui quis quibusdam alias error. Laborum dolorem voluptatum sunt ea.', 330, 0, 20, '2019-02-13 00:56:27', '2019-02-13 00:56:27'),
(4, 'quia', 'Eveniet eaque voluptate sunt. Perspiciatis rerum omnis nostrum asperiores. Quae quasi eum quis atque. Voluptate saepe ducimus sit laborum qui accusamus.', 627, 3, 4, '2019-02-13 00:56:27', '2019-02-13 00:56:27'),
(5, 'omnis', 'Exercitationem ex sit atque voluptatum eius. Quo atque assumenda deleniti. Asperiores temporibus odit magni ratione. Ipsum vel ipsam eaque sunt in. Totam odio eaque voluptas quidem odio ut ratione facere.', 110, 4, 13, '2019-02-13 00:56:27', '2019-02-13 00:56:27'),
(6, 'dolores', 'Fugiat rerum sit occaecati. Debitis commodi voluptates odio soluta repudiandae blanditiis qui. Excepturi voluptatem eos ex.', 415, 6, 25, '2019-02-13 00:56:27', '2019-02-13 00:56:27'),
(7, 'ducimus', 'Esse eaque cupiditate laborum corporis ipsam officiis vero. Consequatur dolor tempore hic molestias aut similique. Dolorum eius beatae autem cupiditate. Expedita consequatur dolore quidem recusandae beatae voluptatem magni totam.', 505, 3, 2, '2019-02-13 00:56:27', '2019-02-13 00:56:27'),
(8, 'similique', 'Earum atque ullam accusantium commodi. Atque voluptatem quo qui quos non earum veniam. Suscipit illo laboriosam ut ipsa ut. Ut eos quia quod dolor dolores qui sunt.', 883, 3, 19, '2019-02-13 00:56:27', '2019-02-13 00:56:27'),
(9, 'alias', 'Sint voluptatibus vel facere aliquid accusantium omnis placeat. In et vel sit molestiae occaecati. Nam ducimus est exercitationem distinctio omnis ut.', 442, 4, 21, '2019-02-13 00:56:27', '2019-02-13 00:56:27'),
(10, 'autem', 'Ea necessitatibus nostrum corporis eaque qui architecto. Qui quae illum maiores tempore sit aperiam dolor. Qui quis nostrum rerum est.', 448, 7, 15, '2019-02-13 00:56:27', '2019-02-13 00:56:27'),
(11, 'similique', 'Quae eaque inventore id esse eveniet eum. Provident voluptatem ut minima nesciunt. Excepturi deleniti amet aliquam omnis molestiae iusto consequatur. Adipisci iure minima laboriosam tenetur. Tempore nesciunt ad fuga itaque.', 618, 6, 9, '2019-02-13 00:56:27', '2019-02-13 00:56:27'),
(12, 'asperiores', 'Est rem voluptatem molestiae ad eveniet illo. Aspernatur sed sit fugit ad. Omnis rerum amet aliquid earum sequi dolorum impedit. Ea voluptatum commodi facere quia ea.', 734, 6, 27, '2019-02-13 00:56:27', '2019-02-13 00:56:27'),
(13, 'culpa', 'Neque provident eveniet provident. Amet officia autem excepturi aut excepturi alias. Magnam assumenda animi doloribus eos. Incidunt molestias doloribus natus incidunt totam non cum. Et eius quasi molestiae ipsum ullam unde.', 519, 6, 21, '2019-02-13 00:56:27', '2019-02-13 00:56:27'),
(14, 'ut', 'Vel est quod nostrum architecto totam voluptatibus. Id earum voluptatem quibusdam est aut animi placeat sed. Consequatur necessitatibus hic aut nam eos dolores iste. Et eveniet magnam ut quia.', 588, 6, 27, '2019-02-13 00:56:27', '2019-02-13 00:56:27'),
(15, 'numquam', 'Aliquam aperiam tenetur sint est ipsam facere nostrum. Corrupti nulla et consequatur qui labore est. Molestiae aperiam harum aspernatur ipsum.', 905, 4, 4, '2019-02-13 00:56:27', '2019-02-13 00:56:27'),
(16, 'tenetur', 'Nulla eos maxime quis nam omnis. Totam eligendi quis tenetur porro recusandae. Repellendus et tempore perferendis enim deleniti. Architecto possimus sapiente ut ea.', 616, 5, 14, '2019-02-13 00:56:27', '2019-02-13 00:56:27'),
(17, 'et', 'Eos delectus in animi inventore quis unde vero quia. Qui tempore corrupti officia similique quaerat occaecati.', 653, 1, 13, '2019-02-13 00:56:28', '2019-02-13 00:56:28'),
(18, 'tenetur', 'Veritatis assumenda placeat qui id. Omnis ab ut quo recusandae. Illo incidunt porro in sed sed. Animi soluta ut rem enim necessitatibus.', 422, 1, 28, '2019-02-13 00:56:28', '2019-02-13 00:56:28'),
(19, 'nobis', 'In explicabo labore voluptatem earum optio ullam. Laudantium qui labore corporis cum delectus repellendus. Est reprehenderit quo ea repellendus rerum. Consequuntur velit numquam ipsam veniam accusantium.', 557, 0, 28, '2019-02-13 00:56:28', '2019-02-13 00:56:28'),
(20, 'doloremque', 'Nisi voluptatem expedita nulla. Expedita voluptas est repellat nihil. Ab ut quod cumque exercitationem vitae. Quisquam reiciendis aut cumque voluptate et ut odio.', 803, 2, 25, '2019-02-13 00:56:28', '2019-02-13 00:56:28'),
(21, 'ipsam', 'Rerum aspernatur impedit magnam in. Fuga ex hic numquam tempora dolores aliquid et. Vero voluptatem et vero harum.', 572, 7, 23, '2019-02-13 00:56:28', '2019-02-13 00:56:28'),
(22, 'rerum', 'Maxime ipsam qui illum numquam velit. Corrupti repudiandae fugiat at omnis. Qui et nisi ut autem expedita rem quidem voluptatibus.', 544, 3, 26, '2019-02-13 00:56:28', '2019-02-13 00:56:28'),
(23, 'qui', 'Ad et architecto consequuntur sit. Odit earum eum consequatur. Quis possimus qui in asperiores repudiandae aut. Vel reiciendis suscipit quae aliquid nesciunt officia.', 741, 1, 15, '2019-02-13 00:56:28', '2019-02-13 00:56:28'),
(24, 'et', 'Quod ipsam qui tempora quasi unde vel. Porro iure rerum itaque labore. Debitis id consequatur fuga et minus est sit. Voluptates delectus itaque rerum optio alias laboriosam reiciendis.', 615, 3, 20, '2019-02-13 00:56:28', '2019-02-13 00:56:28'),
(25, 'molestiae', 'Accusantium dolorem saepe deserunt et dolorem. Consequatur ut nisi dolores rerum exercitationem provident exercitationem. Illo consectetur inventore illo delectus eaque alias tenetur. Animi et eveniet pariatur accusamus.', 720, 3, 4, '2019-02-13 00:56:28', '2019-02-13 00:56:28'),
(26, 'excepturi', 'Quo fugit veniam architecto explicabo aliquid. Labore maxime aut rerum est quis quia laboriosam. Reprehenderit et itaque quas et voluptates amet tempore et.', 393, 6, 10, '2019-02-13 00:56:28', '2019-02-13 00:56:28'),
(27, 'natus', 'Rerum nesciunt quidem consequuntur aliquid repudiandae. Enim quaerat in qui mollitia qui. Dolor iusto perferendis quisquam id suscipit.', 953, 1, 4, '2019-02-13 00:56:28', '2019-02-13 00:56:28'),
(28, 'quis', 'Eaque quos id ipsa. Ut ratione sed aliquam illum quas. Odit maxime voluptates occaecati vel et et.', 291, 9, 22, '2019-02-13 00:56:28', '2019-02-13 00:56:28'),
(29, 'architecto', 'Culpa aut molestiae dolorem omnis fugit sed. Praesentium illum necessitatibus quaerat repellat. Doloribus ipsum quaerat ut facere non quia sint. Hic aspernatur voluptatum temporibus.', 849, 4, 30, '2019-02-13 00:56:28', '2019-02-13 00:56:28'),
(30, 'quo', 'Et ducimus dolore quaerat voluptatum dolores totam ut. Molestias quia et consequuntur et molestias suscipit. Quam veniam ipsam doloremque. Molestias explicabo omnis animi voluptate.', 572, 8, 29, '2019-02-13 00:56:28', '2019-02-13 00:56:28'),
(31, 'odit', 'Aut ut explicabo accusamus. Qui quam ut enim et labore. In soluta repellendus facilis optio quia omnis et. Consequatur id aliquid cupiditate eos laudantium.', 484, 1, 10, '2019-02-13 00:56:28', '2019-02-13 00:56:28'),
(32, 'quisquam', 'Magni aperiam voluptas facilis qui quas voluptate veniam autem. Dolores debitis quisquam earum quo sapiente. Maxime aliquam incidunt nemo.', 303, 4, 10, '2019-02-13 00:56:28', '2019-02-13 00:56:28'),
(33, 'fugiat', 'Quis accusantium dolores culpa. Quas nobis laboriosam et. Sed est est nesciunt cupiditate et praesentium aliquam. Facilis dolores consequuntur accusamus est dolores ratione.', 778, 8, 17, '2019-02-13 00:56:28', '2019-02-13 00:56:28'),
(34, 'aspernatur', 'Animi minus ratione provident ea nostrum quibusdam porro. Autem quis quae maiores sint aperiam id. Consectetur sed est ut nam aliquid tenetur. Dicta soluta recusandae laboriosam quasi.', 952, 1, 8, '2019-02-13 00:56:28', '2019-02-13 00:56:28'),
(35, 'iste', 'Beatae minus nam culpa ut ullam autem voluptatum. Ratione at est exercitationem nulla.', 669, 2, 20, '2019-02-13 00:56:29', '2019-02-13 00:56:29'),
(36, 'cumque', 'Sunt in in voluptas maxime veritatis. Eum harum ipsum beatae suscipit esse impedit ex. Cupiditate ea culpa sint voluptatem. Et sint non quos eaque et.', 703, 3, 27, '2019-02-13 00:56:29', '2019-02-13 00:56:29'),
(37, 'aut', 'Numquam vel consequatur exercitationem omnis dolor. Amet sed tempora quia. Eum sunt qui molestiae quis nulla esse voluptatem.', 362, 1, 18, '2019-02-13 00:56:29', '2019-02-13 00:56:29'),
(38, 'cum', 'Quia aut sit dolore a hic libero hic. Ullam nihil est et pariatur maxime voluptas maxime dicta. Libero aut ipsum perspiciatis est. Alias et est odit.', 936, 4, 3, '2019-02-13 00:56:29', '2019-02-13 00:56:29'),
(39, 'non', 'Totam voluptas aut consequatur doloribus. Voluptas et autem sed dolorum error. Libero dolores omnis tempora consequatur voluptas.', 621, 0, 27, '2019-02-13 00:56:29', '2019-02-13 00:56:29'),
(40, 'voluptatibus', 'Provident voluptas enim rerum vero. Dolorum laboriosam repellendus nostrum qui repudiandae. Dolor cumque quibusdam voluptatem similique ut quia ut.', 811, 1, 10, '2019-02-13 00:56:29', '2019-02-13 00:56:29'),
(41, 'architecto', 'Voluptatibus asperiores eum unde ut molestiae quasi veniam. Consequatur rerum rerum praesentium omnis sequi quia eum. Adipisci recusandae voluptatem sed quam velit similique cumque.', 903, 0, 7, '2019-02-13 00:56:29', '2019-02-13 00:56:29'),
(42, 'et', 'Magnam neque et earum nesciunt nobis. Repellat porro quibusdam dolorem veniam est velit eum repellat. Assumenda sed animi optio eligendi.', 838, 7, 29, '2019-02-13 00:56:29', '2019-02-13 00:56:29'),
(43, 'quia', 'Incidunt reprehenderit voluptas et laudantium amet eius eos. Quia qui id doloremque voluptas ea impedit saepe. Sint et iste aut in. Tempora in aut officiis velit non dolores impedit omnis. Ut odit exercitationem neque est deserunt incidunt animi.', 434, 4, 28, '2019-02-13 00:56:29', '2019-02-13 00:56:29'),
(44, 'est', 'Magni illo quidem dolor aut voluptatem non. Magni vel veritatis voluptates sint. Ut harum iure neque quidem id. Quaerat reprehenderit illum eum beatae vero.', 520, 7, 21, '2019-02-13 00:56:29', '2019-02-13 00:56:29'),
(45, 'nam', 'Inventore amet quis quidem provident. Est laudantium ea doloremque hic. Fugiat alias eum optio aperiam et et aperiam adipisci. Beatae alias eos quos illum autem ut inventore.', 866, 3, 2, '2019-02-13 00:56:29', '2019-02-13 00:56:29'),
(46, 'quod', 'Porro omnis odio sint illum. Tempore atque eligendi commodi sit voluptatem vero.', 920, 3, 27, '2019-02-13 00:56:29', '2019-02-13 00:56:29'),
(47, 'vitae', 'Nihil aspernatur sequi consequatur ea quo. Tempore rerum ex qui et voluptas qui est quam. Nihil error eos neque id est.', 530, 0, 5, '2019-02-13 00:56:29', '2019-02-13 00:56:29'),
(48, 'maiores', 'Nemo qui non tempore ex. Neque occaecati voluptatem id culpa eligendi voluptatem voluptate placeat. Voluptatem unde debitis ipsum autem. Ex tempora et quis quaerat.', 798, 9, 16, '2019-02-13 00:56:29', '2019-02-13 00:56:29'),
(49, 'sint', 'Maiores debitis nulla consectetur veritatis nihil reprehenderit velit. Esse rerum eius repellat optio quia. Qui libero sed temporibus doloribus. Ut excepturi sit voluptatem inventore dolor impedit doloribus.', 464, 8, 3, '2019-02-13 00:56:29', '2019-02-13 00:56:29'),
(50, 'quis', 'Molestiae sed quod at excepturi. Pariatur impedit eos sit. Iure consectetur quia autem accusantium perspiciatis rerum animi.', 517, 1, 6, '2019-02-13 00:56:29', '2019-02-13 00:56:29'),
(51, 'quaerat', 'Commodi ducimus architecto perferendis ducimus. Est error error impedit iure qui. Omnis sed quibusdam quidem libero voluptatum perspiciatis. Molestiae ut soluta voluptatibus dignissimos.', 157, 2, 5, '2019-02-13 00:57:23', '2019-02-13 00:57:23'),
(52, 'omnis', 'Facilis omnis et nam quasi nostrum. Placeat quae dicta illum incidunt. Et velit occaecati commodi explicabo provident nisi placeat.', 959, 0, 11, '2019-02-13 00:57:23', '2019-02-13 00:57:23'),
(53, 'tempore', 'Tenetur ex id quia id. Magni voluptatibus consequuntur enim nihil. Aut quos maiores quia earum sapiente.', 102, 7, 3, '2019-02-13 00:57:23', '2019-02-13 00:57:23'),
(54, 'molestiae', 'In quam accusantium doloribus et saepe. Consequatur enim est soluta at ut accusantium facere. Voluptatem aut occaecati non repellat praesentium tempora.', 553, 5, 22, '2019-02-13 00:57:23', '2019-02-13 00:57:23'),
(55, 'voluptatem', 'Alias voluptatem voluptatem asperiores exercitationem veniam qui tempore dolore. Consequatur fuga soluta voluptatum in esse rerum hic. Suscipit sed rerum praesentium sunt. Reprehenderit id ipsam molestiae aut et.', 434, 8, 11, '2019-02-13 00:57:23', '2019-02-13 00:57:23'),
(56, 'et', 'Veniam nihil necessitatibus laudantium sunt. Quis quia voluptates est quisquam beatae cupiditate quia. Placeat eaque et porro fugiat omnis accusantium et. Animi aut ipsam accusamus laboriosam.', 545, 1, 6, '2019-02-13 00:57:23', '2019-02-13 00:57:23'),
(57, 'quo', 'Sunt est dolorem reprehenderit similique autem fugit. Enim beatae est nostrum consequatur commodi sed. Facilis eius suscipit et odio. Sit aut et error nemo.', 142, 4, 26, '2019-02-13 00:57:23', '2019-02-13 00:57:23'),
(58, 'iste', 'Praesentium quae labore itaque harum harum inventore a. Voluptatem rerum amet ducimus qui ex id ut. Amet a quod impedit nihil qui. Quo adipisci quas non voluptatem libero quia.', 803, 8, 4, '2019-02-13 00:57:23', '2019-02-13 00:57:23'),
(59, 'et', 'Aut totam ut hic et quas. Iure temporibus et sequi earum ut. Suscipit aliquid assumenda voluptate incidunt molestiae sequi fuga. Veritatis eos aliquam eaque consectetur consequuntur possimus.', 982, 0, 28, '2019-02-13 00:57:23', '2019-02-13 00:57:23'),
(60, 'omnis', 'Molestias eaque aperiam quos aspernatur. Quo ipsam sequi laborum officia. Dolorem voluptatem commodi optio facilis accusamus distinctio suscipit. Necessitatibus quas beatae cum quae voluptate.', 531, 9, 10, '2019-02-13 00:57:23', '2019-02-13 00:57:23'),
(61, 'nostrum', 'Et ut temporibus quasi voluptas sed. Quas omnis sit debitis reprehenderit. Facere et nemo eos nostrum.', 958, 0, 21, '2019-02-13 00:57:23', '2019-02-13 00:57:23'),
(62, 'sit', 'Tempore minima eligendi aut aliquam. Ad rerum nihil laudantium ducimus libero saepe est. Enim et dolorum minima magnam. Rerum qui maxime optio ipsa animi.', 590, 0, 25, '2019-02-13 00:57:24', '2019-02-13 00:57:24'),
(63, 'ut', 'Rerum voluptatem tempore aut nostrum nobis doloremque. Cupiditate veritatis qui dolorem ducimus aut. Sapiente eos omnis rerum nihil alias quam sapiente. Sint maxime expedita similique libero nisi asperiores autem.', 180, 6, 23, '2019-02-13 00:57:24', '2019-02-13 00:57:24'),
(64, 'itaque', 'Perspiciatis eum deleniti quae cumque consequatur inventore. Molestiae alias ut quo. Et nisi delectus laborum dignissimos.', 471, 9, 7, '2019-02-13 00:57:24', '2019-02-13 00:57:24'),
(65, 'ut', 'Porro voluptate facilis earum voluptatibus velit. Nemo facere accusamus praesentium nam at minima ut aut. Maxime saepe officiis inventore dignissimos voluptas hic excepturi. Natus dolor saepe natus quod voluptatem.', 717, 6, 21, '2019-02-13 00:57:24', '2019-02-13 00:57:24'),
(66, 'ipsam', 'Similique dolorum dolore dolorem maxime fugiat deserunt. Velit totam voluptatem officiis est. Molestias rerum sed quos ut.', 269, 4, 29, '2019-02-13 00:57:24', '2019-02-13 00:57:24'),
(67, 'officiis', 'Tenetur veritatis et commodi aperiam porro vitae facilis. Sit error aut rem dolore in. Nam accusamus vel dolorem aut iste rerum inventore.', 530, 0, 27, '2019-02-13 00:57:24', '2019-02-13 00:57:24'),
(68, 'in', 'Ut rerum aspernatur alias magni ipsum minima cumque dolores. Asperiores a est et enim fuga vitae est. Minima vel distinctio fuga.', 853, 3, 25, '2019-02-13 00:57:24', '2019-02-13 00:57:24'),
(69, 'velit', 'Voluptas exercitationem et omnis. Ex ab labore ut accusamus provident quae. Sapiente optio inventore deserunt aut voluptatem et sunt. Quaerat omnis consequatur nemo occaecati aut est amet recusandae.', 692, 5, 30, '2019-02-13 00:57:24', '2019-02-13 00:57:24'),
(70, 'aut', 'Et at sit doloremque. Sed excepturi atque est laudantium vel occaecati quidem. Omnis dolore sed quas rem iste necessitatibus aut a. Unde perspiciatis doloremque distinctio ea. Voluptates distinctio est perferendis quia vitae ut.', 176, 9, 14, '2019-02-13 00:57:24', '2019-02-13 00:57:24'),
(71, 'nobis', 'Quibusdam illo reiciendis architecto deleniti. Et omnis voluptas sit vero eaque. Minus ullam voluptatem at aut praesentium et enim eos. Ut officia qui facere maiores quo. Ullam itaque et maxime quibusdam non voluptatem qui.', 126, 4, 28, '2019-02-13 00:57:24', '2019-02-13 00:57:24'),
(72, 'consectetur', 'Nihil dicta qui et consequatur. Voluptates dolor necessitatibus quia itaque non. Ipsa exercitationem dolore sunt possimus dolores consequatur id eum.', 505, 1, 19, '2019-02-13 00:57:24', '2019-02-13 00:57:24'),
(73, 'qui', 'Eos dolore qui autem voluptas. Voluptas ut velit dolores officia sit provident et. Et esse ipsam veritatis est facere. Est eos consequuntur fuga ut tenetur.', 618, 3, 3, '2019-02-13 00:57:24', '2019-02-13 00:57:24'),
(74, 'in', 'Voluptatem qui aperiam cum quisquam qui. Neque nisi aut dolore ratione est magnam impedit. Aut et est quod et dolores natus sed. Quo quis esse quidem sit hic ratione in. In reiciendis eum consectetur accusamus alias.', 351, 2, 5, '2019-02-13 00:57:24', '2019-02-13 00:57:24'),
(75, 'saepe', 'Quisquam molestiae id sit non animi dolor. Sint suscipit adipisci totam iure et nulla saepe. Sunt et labore quam. Ratione quisquam id ad et voluptatem vel.', 657, 3, 29, '2019-02-13 00:57:24', '2019-02-13 00:57:24'),
(76, 'temporibus', 'Nam eligendi eius impedit tempora. Et delectus exercitationem aperiam sequi. Quia ullam dignissimos velit inventore officia. Dolor maiores reiciendis dolorem vel voluptates animi libero eligendi.', 191, 8, 3, '2019-02-13 00:57:24', '2019-02-13 00:57:24'),
(77, 'in', 'Quam cum modi officiis iste doloremque. Ex id rerum quibusdam voluptatem quia quos delectus id. Et amet reiciendis explicabo deleniti suscipit pariatur. Repellendus sequi voluptatum occaecati assumenda quisquam.', 768, 0, 17, '2019-02-13 00:57:24', '2019-02-13 00:57:24'),
(78, 'et', 'Est ut fugiat veritatis consequatur deserunt molestiae ducimus. Sunt tempora dolor sunt libero totam harum modi molestiae. Cum quibusdam dignissimos necessitatibus minus nihil.', 320, 5, 27, '2019-02-13 00:57:24', '2019-02-13 00:57:24'),
(79, 'dicta', 'Veritatis hic eos ut in. Architecto earum fuga rem dolorem expedita vel adipisci saepe. Aut molestiae ut vitae fugit dicta qui ratione. Beatae exercitationem fugit dolorum error blanditiis rerum facere voluptatem. Et quae eum et explicabo quia.', 521, 2, 12, '2019-02-13 00:57:25', '2019-02-13 00:57:25'),
(80, 'distinctio', 'Facere est laborum harum quidem enim id. Enim deserunt voluptatibus molestiae aliquam. Error sed magni sed.', 307, 1, 18, '2019-02-13 00:57:25', '2019-02-13 00:57:25'),
(81, 'sit', 'Accusamus dolores repudiandae soluta et voluptatem voluptatem. Ipsam quisquam quam eveniet molestiae dolorem accusamus animi. Ab illo nihil facere nam dolorem ut sit ea. Quibusdam reiciendis quia optio provident.', 326, 7, 14, '2019-02-13 00:57:25', '2019-02-13 00:57:25'),
(82, 'est', 'Assumenda quo saepe odio excepturi quam esse quas. Itaque vel ullam non repellat eum sunt. Est voluptatem omnis eum aliquid. Minima dolorum et ut enim autem.', 706, 6, 14, '2019-02-13 00:57:25', '2019-02-13 00:57:25'),
(83, 'laudantium', 'Est quam nostrum qui. Repellendus molestiae sit harum cum libero. Aut dolorem sed eaque.', 210, 6, 9, '2019-02-13 00:57:25', '2019-02-13 00:57:25'),
(84, 'accusamus', 'Est fugiat voluptatum adipisci id voluptate fugiat dolorem. Doloribus adipisci neque et autem. Assumenda ad quisquam placeat voluptas non in.', 149, 5, 12, '2019-02-13 00:57:25', '2019-02-13 00:57:25'),
(85, 'sed', 'Quia est facere corporis minima ut natus voluptatibus. Officia minima eligendi quas non. Aspernatur voluptatum facilis sit vero est et quia.', 973, 8, 22, '2019-02-13 00:57:25', '2019-02-13 00:57:25'),
(86, 'reiciendis', 'Dolorem sequi fugit molestiae enim maxime et iste. Possimus ipsam ut eum et et et maxime provident. Quos voluptatem sequi occaecati occaecati. Enim voluptatem nemo totam ut ipsum sequi repudiandae. Occaecati est nostrum animi non dolores et dolore.', 113, 6, 26, '2019-02-13 00:57:25', '2019-02-13 00:57:25'),
(87, 'voluptates', 'Eos eligendi minima et deleniti eius. Voluptatibus minima et dolorem ex dolores omnis. Voluptas beatae praesentium delectus nam autem.', 338, 5, 21, '2019-02-13 00:57:25', '2019-02-13 00:57:25'),
(88, 'omnis', 'Exercitationem quis aperiam sed praesentium natus ut minima. Sunt quam laboriosam pariatur. Dolor mollitia vero et sit. Vitae qui qui ea enim.', 190, 3, 26, '2019-02-13 00:57:25', '2019-02-13 00:57:25'),
(89, 'libero', 'Perspiciatis est rerum unde sit nam dolor. Et quia in fugiat eius voluptatem. Consequuntur autem in magnam. Ducimus ad rem accusamus fugiat nisi exercitationem distinctio.', 715, 8, 27, '2019-02-13 00:57:25', '2019-02-13 00:57:25'),
(90, 'incidunt', 'Voluptas sint ab et soluta aut qui. Accusantium distinctio sequi accusantium fugiat aut. Aut nostrum repellat quia aperiam minima. Perferendis veritatis labore quas.', 543, 1, 21, '2019-02-13 00:57:25', '2019-02-13 00:57:25'),
(91, 'et', 'Ut expedita nam vel voluptate consequatur ut eos. Asperiores sit placeat et quia. Labore debitis doloremque quia incidunt doloribus. Aperiam earum iste corporis omnis aliquid quis natus facere. Quia itaque vel velit et.', 933, 1, 26, '2019-02-13 00:57:25', '2019-02-13 00:57:25'),
(92, 'accusantium', 'Nobis possimus qui neque aliquam repellendus. Id rerum molestias autem quia nemo enim ratione voluptatem. Ipsum nulla error necessitatibus repellendus aspernatur qui.', 332, 6, 25, '2019-02-13 00:57:25', '2019-02-13 00:57:25'),
(93, 'iste', 'Ut mollitia doloremque eligendi quae. Eligendi eos animi quis consequatur cupiditate laudantium quasi cupiditate. Sed perspiciatis non culpa ab quod et. Nisi ex qui ut eaque explicabo.', 416, 5, 5, '2019-02-13 00:57:25', '2019-02-13 00:57:25'),
(94, 'repellat', 'Quo inventore aliquam natus tempora nihil adipisci aut aliquid. Officiis saepe praesentium quibusdam eveniet expedita non.', 500, 5, 30, '2019-02-13 00:57:25', '2019-02-13 00:57:25'),
(95, 'aut', 'Pariatur voluptatem eum reprehenderit aut dignissimos eveniet. Quo occaecati nulla ipsam. Mollitia blanditiis voluptatem mollitia.', 705, 8, 27, '2019-02-13 00:57:25', '2019-02-13 00:57:25'),
(96, 'minus', 'Quos voluptatem sequi vitae inventore molestiae impedit. Ea animi rerum odit maiores quo quasi. Quisquam sint quo iure consequatur.', 313, 3, 4, '2019-02-13 00:57:26', '2019-02-13 00:57:26'),
(97, 'reiciendis', 'Saepe blanditiis cupiditate eum dignissimos culpa. Omnis quasi vero deserunt et. Odio sint dolor quibusdam maiores esse perferendis exercitationem. Expedita natus delectus sed deserunt quam.', 781, 5, 10, '2019-02-13 00:57:26', '2019-02-13 00:57:26'),
(98, 'necessitatibus', 'Alias aliquam vitae ut. Voluptatem ipsum est ducimus quia quam voluptate. Asperiores quaerat et dolorum qui voluptatem repellendus.', 565, 3, 16, '2019-02-13 00:57:26', '2019-02-13 00:57:26'),
(99, 'qui', 'Doloremque et quas voluptatem enim odio. Aperiam quaerat et vel nulla. Non temporibus eveniet sunt et qui excepturi autem.', 435, 4, 23, '2019-02-13 00:57:26', '2019-02-13 00:57:26'),
(100, 'eos', 'Dolorem sunt dolorum excepturi nam voluptas. Facilis qui aut quam temporibus. Et aut recusandae ab dolorem. Enim laudantium facere animi ut.', 960, 0, 8, '2019-02-13 00:57:26', '2019-02-13 00:57:26'),
(101, 'voluptas', 'Aut tenetur quod recusandae hic aliquam accusamus. Qui recusandae reiciendis quos quasi et quia. Ipsa doloribus nisi nulla eveniet dolor et iusto.', 240, 5, 16, '2019-02-13 00:58:00', '2019-02-13 00:58:00'),
(102, 'quidem', 'Dolor fugiat et culpa quasi animi molestias tempora. Illum ab tenetur quaerat fugit. Facere est voluptatem dolorem.', 760, 8, 3, '2019-02-13 00:58:00', '2019-02-13 00:58:00'),
(103, 'esse', 'Laudantium non vitae debitis ut cumque facilis nobis. Unde impedit reprehenderit eum quia. Aut voluptatibus beatae delectus officiis sapiente enim.', 114, 3, 30, '2019-02-13 00:58:00', '2019-02-13 00:58:00'),
(104, 'minima', 'Earum quisquam ipsum perferendis atque quia qui ratione. Eligendi voluptates saepe ut est est quisquam possimus. Modi facilis placeat dolorem in voluptates est voluptatem. Earum ratione cumque sequi id.', 606, 4, 8, '2019-02-13 00:58:00', '2019-02-13 00:58:00'),
(105, 'repudiandae', 'Quia nihil corrupti repudiandae cupiditate est et nesciunt ipsam. Aut voluptatem possimus aut similique aut aperiam asperiores dolores. Totam consequatur modi consequatur voluptatibus sunt et. Eum eum et unde ut aut odio sit.', 598, 8, 22, '2019-02-13 00:58:00', '2019-02-13 00:58:00'),
(106, 'rem', 'Iste quis omnis dignissimos blanditiis non. Nihil assumenda et saepe non maxime molestiae expedita earum. Nisi accusamus sed ex vitae mollitia.', 425, 2, 8, '2019-02-13 00:58:00', '2019-02-13 00:58:00'),
(107, 'quidem', 'Qui vel rem porro qui velit beatae. Sed ut voluptatibus aut accusamus quod ab. Nisi dolor et aliquid natus corporis. Error at fugit quas commodi et incidunt.', 600, 3, 27, '2019-02-13 00:58:00', '2019-02-13 00:58:00'),
(108, 'neque', 'Consequuntur earum qui rem. Culpa qui ipsam sunt sed rem. Aut ea ut explicabo. Voluptas ut incidunt natus omnis.', 875, 1, 24, '2019-02-13 00:58:00', '2019-02-13 00:58:00'),
(109, 'ad', 'Laudantium aut fuga sit voluptates dicta quam necessitatibus. Fugit qui delectus quos aut in culpa occaecati reiciendis. Ipsa illo qui asperiores et. Et fuga aut distinctio vitae voluptatem molestiae itaque. Optio quidem esse nisi maiores sequi dolorum voluptas est.', 928, 8, 28, '2019-02-13 00:58:00', '2019-02-13 00:58:00'),
(110, 'blanditiis', 'Vel necessitatibus nam et et non at. Temporibus voluptate ut est et ut voluptas pariatur. In quo aspernatur eveniet ut. Cupiditate qui enim aperiam non et et earum.', 672, 4, 22, '2019-02-13 00:58:00', '2019-02-13 00:58:00'),
(111, 'nihil', 'Non suscipit qui qui enim non. Suscipit rerum nihil vel et tempore non libero. Fuga tempore asperiores unde expedita. Libero et eligendi corrupti earum minus neque.', 479, 9, 8, '2019-02-13 00:58:00', '2019-02-13 00:58:00'),
(112, 'eos', 'Numquam dicta nihil aliquam sint cum tempora et. Et modi in quisquam sed dolor. Repudiandae voluptatem voluptatem vel dolores porro saepe magnam. Fugiat id nihil adipisci est ab.', 631, 5, 20, '2019-02-13 00:58:00', '2019-02-13 00:58:00'),
(113, 'ut', 'Rerum velit vel est est quos. Quia nam qui provident dolores cupiditate reprehenderit et dignissimos. Illo recusandae repellendus odit voluptatem tempore ipsum.', 250, 1, 9, '2019-02-13 00:58:00', '2019-02-13 00:58:00'),
(114, 'est', 'Atque excepturi blanditiis tempore ipsam quod dignissimos dicta ipsam. Exercitationem sit delectus reprehenderit sint itaque laborum sapiente vel.', 212, 8, 24, '2019-02-13 00:58:00', '2019-02-13 00:58:00'),
(115, 'quas', 'Aliquam velit dicta qui sit molestiae accusamus suscipit. Molestiae minima atque sapiente atque fugiat illo. Aut necessitatibus consequatur quo qui rerum voluptatem. Ducimus ut neque magni debitis dicta et iusto et.', 989, 7, 5, '2019-02-13 00:58:00', '2019-02-13 00:58:00'),
(116, 'doloribus', 'Quae numquam vitae ea voluptatem dolores placeat. Dolore sit id laboriosam et provident et alias. Ipsum sapiente repudiandae quaerat. Dignissimos asperiores fugiat expedita illo.', 123, 0, 23, '2019-02-13 00:58:01', '2019-02-13 00:58:01'),
(117, 'quia', 'Modi nihil quod architecto dolore et eligendi. Itaque voluptatem odit itaque est. Adipisci odit vel dolores accusamus et reiciendis. Illo voluptatem rerum in architecto fuga nostrum dolores.', 650, 7, 23, '2019-02-13 00:58:01', '2019-02-13 00:58:01'),
(118, 'possimus', 'Nemo nemo nihil quia. Praesentium illo blanditiis eos accusamus eum magni. Asperiores magni et at aspernatur et sunt sint.', 136, 3, 25, '2019-02-13 00:58:01', '2019-02-13 00:58:01'),
(119, 'quae', 'Et eveniet aspernatur quia consequatur. Unde enim autem expedita voluptas laboriosam perspiciatis accusamus. Facere hic qui ea error minima.', 120, 5, 16, '2019-02-13 00:58:01', '2019-02-13 00:58:01'),
(120, 'ex', 'Eveniet minima omnis adipisci porro eos. Qui corporis velit est voluptatem dolores eligendi. Id dolorum alias et dolor qui id inventore eum.', 971, 2, 8, '2019-02-13 00:58:01', '2019-02-13 00:58:01'),
(121, 'perferendis', 'Quis rerum adipisci sapiente. Earum sed consequuntur quos quis non. Nihil sunt enim dolores saepe labore vitae est.', 627, 3, 24, '2019-02-13 00:58:01', '2019-02-13 00:58:01'),
(122, 'quia', 'Consequatur veritatis iste sint inventore. Facilis in qui commodi veritatis eos. Fuga et rerum ipsam et. Maiores nobis magni nostrum quia quis.', 459, 2, 9, '2019-02-13 00:58:01', '2019-02-13 00:58:01'),
(123, 'aut', 'Repellendus id dolores ipsum atque. Est magnam libero similique atque animi. Incidunt placeat aliquam sed quisquam nulla labore asperiores ut.', 812, 1, 13, '2019-02-13 00:58:01', '2019-02-13 00:58:01'),
(124, 'sed', 'Vitae itaque molestiae aut sit. Doloremque optio vel quis itaque ut. Vero sed beatae eveniet quasi deserunt.', 470, 4, 13, '2019-02-13 00:58:01', '2019-02-13 00:58:01'),
(125, 'consequatur', 'Amet corrupti error vel et. Voluptatem optio et dolores ut. Suscipit maiores facilis est dignissimos dolores nam. Consequatur et ut qui et ut corrupti laboriosam.', 783, 7, 30, '2019-02-13 00:58:01', '2019-02-13 00:58:01'),
(126, 'eum', 'Aut non voluptate sunt aut suscipit perferendis recusandae beatae. Quas aliquid totam at rerum blanditiis voluptatem alias. Dolores nisi pariatur magni.', 396, 5, 4, '2019-02-13 00:58:01', '2019-02-13 00:58:01'),
(127, 'iste', 'Omnis a aut est id. Repellat dolorem in qui veniam in dignissimos.', 849, 1, 29, '2019-02-13 00:58:01', '2019-02-13 00:58:01'),
(128, 'beatae', 'Occaecati velit ipsum ea ut nostrum id. Dignissimos assumenda aperiam repellat aut eius repellat. Est porro eos placeat qui consequatur.', 681, 2, 7, '2019-02-13 00:58:01', '2019-02-13 00:58:01'),
(129, 'corrupti', 'Expedita nulla odio suscipit quos. Est et rem fugiat et ad perspiciatis dolorem quo. Debitis consequatur sit dolores alias non est. Vero ipsa dolorem ab culpa reprehenderit nostrum.', 384, 8, 10, '2019-02-13 00:58:01', '2019-02-13 00:58:01'),
(130, 'quisquam', 'Quis in maxime deserunt placeat error. Vero qui ipsum voluptatem ad. Dolorem rerum labore occaecati consequatur error deserunt. Eos aperiam dicta assumenda.', 708, 3, 9, '2019-02-13 00:58:02', '2019-02-13 00:58:02'),
(131, 'a', 'Veniam quae quia odio ex esse. Enim nostrum fugiat id rerum eaque et atque. Numquam nulla sed iusto deserunt est.', 273, 2, 16, '2019-02-13 00:58:02', '2019-02-13 00:58:02'),
(132, 'beatae', 'Quis quos modi omnis dolorem hic amet soluta quia. Pariatur dolor corrupti sit earum impedit. Id accusantium voluptatum excepturi labore qui consectetur.', 153, 0, 4, '2019-02-13 00:58:02', '2019-02-13 00:58:02'),
(133, 'neque', 'Quis cum vel magnam dolorem neque nisi. Qui sed facere aut. Dolor dolorum ut ab. Cum aliquid distinctio minima dolorum accusantium.', 235, 4, 11, '2019-02-13 00:58:02', '2019-02-13 00:58:02'),
(134, 'blanditiis', 'Et consequuntur vitae consequuntur molestiae sapiente ipsam molestiae. Mollitia sapiente assumenda et eos molestiae accusantium occaecati. Quia cum consequuntur quibusdam labore quam harum ratione. Quasi rerum animi accusantium explicabo cumque ex.', 325, 7, 30, '2019-02-13 00:58:02', '2019-02-13 00:58:02'),
(135, 'dolores', 'Laboriosam dignissimos commodi aliquam iusto accusantium. Sequi culpa nam laborum qui ratione itaque. Aspernatur iusto aperiam maiores perspiciatis. Nihil et ea harum cumque non totam.', 669, 7, 5, '2019-02-13 00:58:02', '2019-02-13 00:58:02'),
(136, 'facilis', 'Rerum modi molestias vitae hic. Distinctio quia voluptas vel aperiam.', 326, 0, 12, '2019-02-13 00:58:02', '2019-02-13 00:58:02'),
(137, 'iusto', 'Incidunt sit velit dolores commodi id aliquam. Sit quidem perspiciatis expedita dolores quis quos. Id non est eum ut molestias.', 285, 5, 18, '2019-02-13 00:58:02', '2019-02-13 00:58:02'),
(138, 'sed', 'Est hic iure dolorem. Quis ut repudiandae ex vero provident. Modi quis aut excepturi officiis vero ratione quam.', 306, 6, 20, '2019-02-13 00:58:02', '2019-02-13 00:58:02'),
(139, 'voluptas', 'Est perferendis repellendus consequatur quibusdam nobis beatae. Doloribus autem qui dolorem molestiae provident harum culpa. Blanditiis rerum voluptatem rerum aut non voluptas nulla. Sunt voluptatem ea possimus sequi dicta.', 104, 9, 17, '2019-02-13 00:58:02', '2019-02-13 00:58:02'),
(140, 'veniam', 'Labore voluptates labore laudantium sapiente vel illo quia. Omnis repudiandae eum perferendis deserunt illum. Rerum animi inventore eius hic eos dignissimos sit. Provident incidunt voluptatem tenetur iusto quo. Dolor aut cum fuga fugiat.', 770, 8, 6, '2019-02-13 00:58:02', '2019-02-13 00:58:02'),
(141, 'fugit', 'Et qui rerum debitis sunt officiis. Commodi voluptates molestiae voluptas quo possimus est. Aspernatur laudantium ad quia accusantium cumque non. Consequatur voluptates dolore adipisci quae consequatur quis ut.', 134, 6, 10, '2019-02-13 00:58:02', '2019-02-13 00:58:02'),
(142, 'impedit', 'Facilis doloribus dignissimos dolore incidunt eaque minus sint est. Quidem et ducimus sunt laudantium autem.', 145, 6, 8, '2019-02-13 00:58:02', '2019-02-13 00:58:02'),
(143, 'nulla', 'Alias repellat temporibus nesciunt et nam. Aut fugiat excepturi veniam dolorem voluptates laborum. Alias suscipit placeat non sunt asperiores eius sed. Beatae beatae quis impedit reprehenderit omnis omnis.', 730, 0, 6, '2019-02-13 00:58:02', '2019-02-13 00:58:02'),
(144, 'autem', 'Illo voluptas cumque porro. Nihil officia ut quaerat rerum. Et voluptatem repellendus laborum dicta est. Illo dicta eos explicabo ut veritatis dolorem.', 539, 6, 11, '2019-02-13 00:58:02', '2019-02-13 00:58:02'),
(145, 'et', 'Delectus inventore qui at est voluptas. Facilis ea et neque natus nulla. Quia enim esse praesentium sit repudiandae tempore. Eius ad quia voluptas tempore dolorem aliquam soluta repellat. Voluptas recusandae quos laboriosam nostrum laborum culpa.', 983, 0, 9, '2019-02-13 00:58:02', '2019-02-13 00:58:02'),
(146, 'aliquam', 'Ut eum voluptatem hic non autem iusto. Voluptatem ducimus nisi non molestiae facilis dolor. Est eum saepe mollitia hic vel ut sed. Non quia corporis esse.', 105, 2, 5, '2019-02-13 00:58:02', '2019-02-13 00:58:02'),
(147, 'iste', 'Quae voluptas amet non autem. Libero dolore accusamus id eaque. Ut alias id qui quo sed repudiandae voluptas facere. Quis debitis corporis voluptatibus et sint ipsa dolore et.', 203, 6, 4, '2019-02-13 00:58:03', '2019-02-13 00:58:03'),
(148, 'dolorem', 'Consequatur perferendis sunt qui molestias sint. Quia aperiam dolorem magnam non. Velit magni id adipisci perferendis vitae.', 909, 3, 19, '2019-02-13 00:58:03', '2019-02-13 00:58:03'),
(149, 'doloribus', 'Eveniet aut eum maiores ut est. Nam placeat corporis nisi. Odit itaque doloribus quam quisquam.', 774, 9, 9, '2019-02-13 00:58:03', '2019-02-13 00:58:03'),
(150, 'aliquam', 'Atque error eligendi eaque quas magnam eos. Velit quos eos voluptates. Est ullam exercitationem quae similique aut ab. Recusandae deleniti et laboriosam aut earum quis reiciendis.', 190, 4, 24, '2019-02-13 00:58:03', '2019-02-13 00:58:03'),
(151, 'ad', 'Consequatur pariatur rerum accusantium et voluptates omnis. Aperiam a possimus corporis molestiae.', 629, 3, 23, '2019-02-13 00:58:27', '2019-02-13 00:58:27'),
(152, 'incidunt', 'Excepturi sunt tempore ut voluptatem in minima. Excepturi ab beatae vel et repellendus adipisci suscipit. Fugit exercitationem possimus repellat fuga dolore commodi. Dolorum ad dolores unde alias doloribus omnis aut.', 257, 6, 28, '2019-02-13 00:58:27', '2019-02-13 00:58:27'),
(153, 'et', 'Et fugiat fugiat dignissimos. Dignissimos ab perferendis et minus sed aliquam. Exercitationem amet ut qui quae cum quas.', 988, 3, 15, '2019-02-13 00:58:27', '2019-02-13 00:58:27'),
(154, 'architecto', 'Officia aut reiciendis quisquam ipsum voluptatibus sit. Et excepturi magnam doloremque. Inventore molestiae consequuntur odit maiores quia error.', 846, 0, 4, '2019-02-13 00:58:27', '2019-02-13 00:58:27'),
(155, 'blanditiis', 'Quibusdam ut ipsam architecto inventore. Tenetur quo debitis ullam ducimus ut consequuntur. Odio dolores est eum in voluptas.', 665, 5, 28, '2019-02-13 00:58:27', '2019-02-13 00:58:27'),
(156, 'autem', 'Voluptates est id modi ut. Velit nulla cum sunt. Iusto est ullam error in explicabo necessitatibus ea.', 608, 3, 17, '2019-02-13 00:58:27', '2019-02-13 00:58:27'),
(157, 'eum', 'Aut ad assumenda consequatur quae facilis. Explicabo nostrum sed animi autem dolor. Cupiditate labore culpa accusamus impedit rerum fugiat. Fugit at voluptatem omnis beatae vitae est sit.', 828, 0, 28, '2019-02-13 00:58:27', '2019-02-13 00:58:27'),
(158, 'dolor', 'Porro natus fugit adipisci possimus. Ipsam aut consectetur earum ut sit. Placeat nostrum voluptatem occaecati earum fugit. Aut voluptatem inventore tenetur qui et sed. Facere velit amet est nam id reprehenderit est.', 454, 6, 27, '2019-02-13 00:58:27', '2019-02-13 00:58:27'),
(159, 'explicabo', 'Rerum eligendi et blanditiis dolorem. Quaerat repellendus necessitatibus ut maxime perferendis qui. Vitae consequatur rem reprehenderit laboriosam distinctio atque. Eos voluptates voluptatem quo maiores necessitatibus.', 744, 7, 28, '2019-02-13 00:58:27', '2019-02-13 00:58:27'),
(160, 'qui', 'Repudiandae est qui quaerat amet reprehenderit omnis. Est atque ipsam ex quia earum. Vero natus molestiae minus rerum nisi enim autem.', 771, 6, 24, '2019-02-13 00:58:27', '2019-02-13 00:58:27'),
(161, 'ducimus', 'Neque quia officia mollitia dolores perferendis sit. Veritatis sint voluptatem impedit id alias hic mollitia. Est distinctio velit adipisci quo.', 971, 7, 29, '2019-02-13 00:58:27', '2019-02-13 00:58:27'),
(162, 'iusto', 'Iste sequi et quo. Temporibus impedit voluptate facere accusamus natus omnis. Sit similique voluptatum voluptas doloribus dolorum ut voluptates aut. Est dolore fuga quae et ea odit.', 319, 4, 5, '2019-02-13 00:58:27', '2019-02-13 00:58:27'),
(163, 'et', 'Aut praesentium error ut qui impedit voluptatem aut adipisci. Eos aut ducimus rem sint ratione sapiente porro et. Sunt et autem tenetur iusto aperiam sed.', 737, 7, 4, '2019-02-13 00:58:27', '2019-02-13 00:58:27'),
(164, 'at', 'Est rerum tenetur exercitationem sapiente. Dolorum reprehenderit nisi et in modi explicabo. Ut dolor omnis vitae natus hic natus atque debitis.', 362, 2, 13, '2019-02-13 00:58:28', '2019-02-13 00:58:28'),
(165, 'molestiae', 'Nobis nihil enim unde asperiores fugit id aut. Eum id et iusto quam odio dolorem. Dolorem aut necessitatibus quae aut excepturi. Soluta ut quia neque labore eos iusto occaecati.', 331, 5, 8, '2019-02-13 00:58:28', '2019-02-13 00:58:28'),
(166, 'laboriosam', 'Est voluptatem necessitatibus nihil. Accusantium nemo ut omnis temporibus debitis. Voluptas dolore perferendis distinctio laudantium dolor doloremque reprehenderit. Nulla possimus qui id.', 280, 6, 17, '2019-02-13 00:58:28', '2019-02-13 00:58:28'),
(167, 'illum', 'Quaerat ducimus neque autem rerum sint sed. Dolor voluptate corrupti dolor.', 655, 0, 19, '2019-02-13 00:58:28', '2019-02-13 00:58:28'),
(168, 'aut', 'Illo illo voluptatibus nostrum. Quia quam veritatis sint accusamus officia non. Corporis debitis et minima est et et earum. Atque blanditiis dicta et quos aspernatur dolores quaerat consequatur.', 768, 4, 17, '2019-02-13 00:58:28', '2019-02-13 00:58:28'),
(169, 'praesentium', 'Aut dignissimos nostrum qui placeat et minus sed perspiciatis. Ex maxime placeat sit.', 212, 0, 19, '2019-02-13 00:58:28', '2019-02-13 00:58:28'),
(170, 'id', 'Ut ipsa cum tempora similique aut dolor. Dolores doloremque sint veritatis voluptatibus. Delectus eum error et est nihil distinctio repellendus. Architecto sunt similique ab ut voluptatem et.', 928, 8, 26, '2019-02-13 00:58:28', '2019-02-13 00:58:28'),
(171, 'rerum', 'In voluptatem nobis dolor rem et iste aliquid id. Aut illum est quia temporibus labore omnis quae. Dolorem recusandae necessitatibus qui tempore. Est architecto voluptatem ut deserunt quis est est.', 164, 0, 12, '2019-02-13 00:58:28', '2019-02-13 00:58:28'),
(172, 'maiores', 'Harum incidunt excepturi veritatis facere rem. Qui nostrum velit pariatur magnam sapiente. Possimus dolorem adipisci earum ipsum non quia adipisci.', 414, 5, 12, '2019-02-13 00:58:28', '2019-02-13 00:58:28'),
(173, 'dignissimos', 'Rerum consequatur odit atque sit error. Voluptatum rerum molestiae quam ad error. Labore enim nobis quis magni.', 629, 4, 27, '2019-02-13 00:58:28', '2019-02-13 00:58:28'),
(174, 'nisi', 'Ipsam vel hic et est quasi at. Qui itaque omnis nobis doloribus voluptas animi. Exercitationem pariatur porro quia aut. Molestiae culpa magnam voluptatem totam consequatur nihil. Et quisquam qui consequatur fugiat.', 514, 7, 9, '2019-02-13 00:58:28', '2019-02-13 00:58:28'),
(175, 'corrupti', 'Consequatur quia dolor omnis quod. Incidunt eos eveniet provident enim eum non quisquam. Error hic nobis consequatur corporis qui voluptatibus voluptas. Autem adipisci et sapiente soluta eos est explicabo.', 532, 0, 6, '2019-02-13 00:58:28', '2019-02-13 00:58:28'),
(176, 'omnis', 'Nemo aut voluptatem mollitia explicabo. Qui tenetur porro voluptatem sed laboriosam. Quis deleniti veniam voluptate sit.', 488, 3, 5, '2019-02-13 00:58:28', '2019-02-13 00:58:28'),
(177, 'vel', 'Impedit dolorum quisquam recusandae fuga. Voluptatem omnis sint quidem iusto ex. Accusantium consectetur repellat minus aut ex.', 212, 3, 6, '2019-02-13 00:58:28', '2019-02-13 00:58:28'),
(178, 'perspiciatis', 'Veritatis voluptatem velit sapiente et quis laboriosam culpa inventore. Consequuntur amet perspiciatis aut fuga. Dolor quia recusandae veritatis earum sed sed sapiente.', 147, 9, 13, '2019-02-13 00:58:29', '2019-02-13 00:58:29'),
(179, 'voluptates', 'Eligendi rem enim assumenda consequatur. Quam voluptatem rerum molestiae nesciunt dignissimos impedit. Itaque sapiente non facilis.', 790, 2, 20, '2019-02-13 00:58:29', '2019-02-13 00:58:29'),
(180, 'soluta', 'Minus hic et non corporis veniam quae quis. Non iure doloremque id non. Libero qui molestiae eveniet ullam. Magni et omnis aut eos perferendis nam ut. Nihil qui ratione quam sapiente eveniet voluptate minima.', 507, 4, 17, '2019-02-13 00:58:29', '2019-02-13 00:58:29'),
(181, 'incidunt', 'Aspernatur molestiae eius rerum quasi. Laborum consequatur ut id incidunt totam voluptates est excepturi.', 185, 4, 14, '2019-02-13 00:58:29', '2019-02-13 00:58:29'),
(182, 'dolor', 'Placeat ducimus ullam porro quisquam quae molestias nihil. Facilis quo iusto aliquid cumque sed quam ducimus. Aut et architecto omnis modi perferendis rerum natus.', 262, 6, 17, '2019-02-13 00:58:29', '2019-02-13 00:58:29'),
(183, 'molestiae', 'Porro assumenda delectus aut voluptatum delectus repellat dolor eum. Nihil asperiores et sint voluptatem sed voluptatum autem est. Quia quidem ut earum iure consequatur et. Aliquid et facere error sunt pariatur sed.', 604, 4, 25, '2019-02-13 00:58:29', '2019-02-13 00:58:29'),
(184, 'distinctio', 'Quos veritatis perferendis dolor. Aspernatur itaque repellendus nesciunt nihil fugiat quae. Ullam pariatur quos consectetur non iure.', 511, 5, 27, '2019-02-13 00:58:29', '2019-02-13 00:58:29'),
(185, 'autem', 'Dolorum nisi vel esse ex et nostrum aliquid enim. Asperiores porro omnis inventore voluptatem velit. Ut non corporis voluptatum nam qui ut est eaque.', 122, 7, 8, '2019-02-13 00:58:29', '2019-02-13 00:58:29'),
(186, 'qui', 'Iste error vero eos in perferendis sunt similique. Quibusdam consequatur pariatur facere ut. Nisi at aliquam saepe eos ut quibusdam voluptas.', 236, 5, 10, '2019-02-13 00:58:29', '2019-02-13 00:58:29'),
(187, 'nobis', 'Distinctio incidunt in dignissimos iste maxime dolore occaecati. Ab et ut voluptas non. Quos at eum perferendis quod nostrum enim. Et nobis velit quibusdam explicabo.', 495, 8, 29, '2019-02-13 00:58:29', '2019-02-13 00:58:29'),
(188, 'explicabo', 'Qui ut ab aut nulla cum velit. Voluptatem maiores recusandae sed dolor dignissimos ad aut. Et quam error aut voluptatem facere quibusdam at.', 985, 9, 14, '2019-02-13 00:58:29', '2019-02-13 00:58:29'),
(189, 'fuga', 'Eius voluptatem autem labore. Optio sit est enim ab dignissimos.', 345, 4, 17, '2019-02-13 00:58:29', '2019-02-13 00:58:29'),
(190, 'ut', 'Sunt neque non sint voluptatem eveniet. Et nisi voluptatem facere ut illum. Dolore odio qui quisquam consequatur quis non culpa molestiae. Sed enim praesentium molestiae sed eius. Cumque ut nihil optio quaerat ut repellat ullam debitis.', 229, 7, 19, '2019-02-13 00:58:29', '2019-02-13 00:58:29'),
(191, 'provident', 'Doloremque eveniet quaerat nam veniam. Id incidunt dicta eaque deleniti et eos doloremque. Rerum unde corporis perferendis neque.', 465, 1, 12, '2019-02-13 00:58:29', '2019-02-13 00:58:29'),
(192, 'consequatur', 'Quos tempora earum nihil alias. Optio dolor illum architecto pariatur debitis et dolores id. Ducimus non quo nulla molestiae cum.', 451, 2, 28, '2019-02-13 00:58:29', '2019-02-13 00:58:29'),
(193, 'quia', 'Ullam quas et quam ut. Saepe dolor temporibus accusantium et voluptatum. Sit voluptates nihil non consequatur eos qui.', 202, 0, 18, '2019-02-13 00:58:29', '2019-02-13 00:58:29'),
(194, 'quia', 'Aut provident ad distinctio explicabo. Occaecati omnis qui et libero.', 887, 6, 12, '2019-02-13 00:58:29', '2019-02-13 00:58:29'),
(195, 'impedit', 'Dolorem quod est sint minus quibusdam deserunt voluptate nisi. Voluptatum est atque non velit sequi. Aliquid et sed velit fuga.', 899, 0, 2, '2019-02-13 00:58:29', '2019-02-13 00:58:29'),
(196, 'incidunt', 'Quia quae quo cum sit recusandae deleniti. Quos et nihil dolores qui. Praesentium exercitationem earum eos tenetur ut quia accusamus ut. Consequatur eius sed nobis et ut expedita deserunt velit.', 240, 1, 12, '2019-02-13 00:58:30', '2019-02-13 00:58:30'),
(197, 'eum', 'Fuga alias quas molestias occaecati est nihil molestias. Veniam commodi vero deserunt distinctio. Laborum in quidem alias tempore veritatis. Quis et quisquam alias aut placeat sunt nobis.', 356, 0, 19, '2019-02-13 00:58:30', '2019-02-13 00:58:30'),
(198, 'tempora', 'Non praesentium iure iusto ex est consectetur dignissimos. Deleniti ut et minus quaerat repellat. Sunt voluptas molestiae blanditiis voluptatem dicta ea sapiente. Et voluptate velit ipsum.', 661, 2, 17, '2019-02-13 00:58:30', '2019-02-13 00:58:30'),
(199, 'culpa', 'Iure magnam ad fuga repellendus quia eum sed. Debitis temporibus odit sunt enim. Ratione dolores corrupti omnis. Rerum suscipit est est sed quia et.', 887, 9, 8, '2019-02-13 00:58:30', '2019-02-13 00:58:30'),
(200, 'ea', 'Repellat amet quia nihil quis. Sit sint non et ipsum ullam quibusdam. Enim id maxime non rerum.', 637, 4, 25, '2019-02-13 00:58:30', '2019-02-13 00:58:30'),
(201, 'tempore', 'Veniam qui ipsum dolore maxime mollitia dolorum. Asperiores accusamus architecto quis doloremque quis et. Natus inventore laborum a deleniti sed. Deleniti ut modi hic non eaque.', 315, 5, 29, '2019-02-13 01:02:13', '2019-02-13 01:02:13'),
(202, 'cum', 'Optio est sint aspernatur ratione aut quas. Nemo minima optio libero doloremque alias provident. Iusto deserunt consequatur libero illum sed beatae rerum. Nihil ipsum et minima et.', 504, 3, 9, '2019-02-13 01:02:13', '2019-02-13 01:02:13'),
(203, 'sunt', 'Sint odit mollitia aperiam dignissimos non inventore. Nihil dolores error aliquid accusamus.', 923, 4, 25, '2019-02-13 01:02:13', '2019-02-13 01:02:13'),
(204, 'deleniti', 'Placeat omnis consequatur dolores sed modi. Voluptatem cum sapiente quis unde et magni nostrum. Pariatur ipsum distinctio ad ut et similique quia in.', 156, 7, 2, '2019-02-13 01:02:13', '2019-02-13 01:02:13'),
(205, 'qui', 'Non maiores aspernatur ut a dolores quia eligendi voluptas. Et neque praesentium enim neque. Harum et aut fuga deleniti ipsam. Perferendis consequatur voluptas voluptate voluptas voluptatem dolorem.', 599, 8, 15, '2019-02-13 01:02:13', '2019-02-13 01:02:13'),
(206, 'hic', 'Vel cum unde quam est repellat. Culpa labore ratione magni ad non et quia. Provident aspernatur fugiat delectus eum at sint. Impedit maiores harum aut repudiandae doloribus.', 882, 4, 22, '2019-02-13 01:02:13', '2019-02-13 01:02:13'),
(207, 'consectetur', 'Accusamus ut ullam voluptatibus aut at. Est cumque consequatur magni non voluptates laborum impedit. Ratione itaque tenetur possimus. Minima eos in est est.', 784, 9, 29, '2019-02-13 01:02:13', '2019-02-13 01:02:13'),
(208, 'quis', 'Dolor quia cum qui esse tenetur neque culpa. Sit ab voluptatem consectetur nulla ut culpa. Aut quo accusamus sed cupiditate veniam quo ut. Iure deserunt dolore animi accusantium exercitationem est ut.', 224, 7, 28, '2019-02-13 01:02:13', '2019-02-13 01:02:13'),
(209, 'quae', 'Consequatur et distinctio maxime dolorum vel est pariatur. Impedit eos culpa architecto et dolores hic facilis. Qui quo ullam odit incidunt.', 787, 4, 22, '2019-02-13 01:02:13', '2019-02-13 01:02:13'),
(210, 'recusandae', 'Rerum porro pariatur impedit et distinctio nemo commodi. Asperiores deserunt est quia nostrum eius est et. Non occaecati dolor aut ea sapiente expedita. Cum sunt qui dolor cum et rerum facilis nulla.', 862, 5, 22, '2019-02-13 01:02:14', '2019-02-13 01:02:14'),
(211, 'ducimus', 'Dolor vel cumque omnis nemo. Voluptatum molestias error earum ab. Odit placeat enim animi quia enim repellendus rerum. Eum consequatur nostrum esse. Accusantium eos est odio dolores vitae repudiandae.', 598, 6, 5, '2019-02-13 01:02:14', '2019-02-13 01:02:14');
INSERT INTO `products` (`id`, `name`, `detail`, `price`, `stock`, `discount`, `created_at`, `updated_at`) VALUES
(212, 'ipsam', 'Eum enim dolores ad exercitationem. Voluptates quia vel veniam totam voluptatem dignissimos. Aut officiis harum iusto porro perferendis officiis. Magni animi sit exercitationem vero deserunt ducimus qui.', 417, 5, 9, '2019-02-13 01:02:14', '2019-02-13 01:02:14'),
(213, 'porro', 'Beatae sint commodi inventore nihil qui voluptas est. Quos voluptatum enim consequatur dolor consequuntur minima est. Voluptatem consequatur sint minima similique ab voluptatem voluptatem.', 691, 4, 8, '2019-02-13 01:02:14', '2019-02-13 01:02:14'),
(214, 'culpa', 'Enim impedit impedit nostrum fuga. Doloribus nam aut aut aut aut sit rerum.', 899, 2, 6, '2019-02-13 01:02:14', '2019-02-13 01:02:14'),
(215, 'expedita', 'Iusto quam molestiae velit sint quo iusto. Qui repudiandae veritatis eum nihil placeat id sint. Totam ab perferendis laudantium ducimus animi voluptatum.', 833, 9, 5, '2019-02-13 01:02:14', '2019-02-13 01:02:14'),
(216, 'sunt', 'Laboriosam dicta vel tempore deleniti in repudiandae quas. Doloremque enim voluptas quisquam ab distinctio rem. Ex pariatur ullam et ea quaerat. Sint et tempore dolorem illum quae cupiditate.', 759, 0, 20, '2019-02-13 01:02:14', '2019-02-13 01:02:14'),
(217, 'laborum', 'Incidunt et aut veritatis et. Quo autem velit eius blanditiis natus. Aut et dolor totam eaque qui voluptatem. Voluptatem consequatur ex possimus. Voluptate exercitationem recusandae sunt iure.', 164, 5, 20, '2019-02-13 01:02:14', '2019-02-13 01:02:14'),
(218, 'non', 'Molestiae modi magnam praesentium quae molestias maxime. Ipsam voluptatem et et voluptatem placeat aut adipisci. Voluptas id blanditiis exercitationem nam laboriosam adipisci occaecati.', 904, 1, 25, '2019-02-13 01:02:14', '2019-02-13 01:02:14'),
(219, 'praesentium', 'Quia tempora officiis fugiat. Voluptas voluptatum quae aut magni libero modi. Neque fugiat dolor aliquam accusantium.', 318, 0, 9, '2019-02-13 01:02:14', '2019-02-13 01:02:14'),
(220, 'in', 'Magni et reprehenderit sunt. Molestiae qui perferendis dicta eum. Voluptate quia rerum dignissimos aut voluptatibus et ut.', 676, 1, 27, '2019-02-13 01:02:14', '2019-02-13 01:02:14'),
(221, 'quaerat', 'Ratione aut tempora alias. Veniam soluta aut quis odit magni est sapiente.', 647, 2, 24, '2019-02-13 01:02:14', '2019-02-13 01:02:14'),
(222, 'vero', 'Non porro accusamus adipisci cupiditate. Impedit occaecati voluptas fugiat. Et voluptate nemo distinctio vel corporis quo. Hic et vel voluptatem sed fugit.', 181, 0, 17, '2019-02-13 01:02:14', '2019-02-13 01:02:14'),
(223, 'magni', 'Sequi enim sunt occaecati ut aspernatur veritatis ipsa. Deleniti corporis adipisci cupiditate et vero laboriosam. Quisquam omnis reprehenderit quia eius et.', 545, 0, 12, '2019-02-13 01:02:14', '2019-02-13 01:02:14'),
(224, 'harum', 'Voluptatem repudiandae harum rerum animi mollitia. Quia ut voluptas placeat molestias quia sunt aspernatur. Voluptatem consequatur sit animi nihil libero dolores.', 267, 0, 26, '2019-02-13 01:02:14', '2019-02-13 01:02:14'),
(225, 'quibusdam', 'Libero placeat aut et ipsam molestias. Voluptatem harum id fugit assumenda. Voluptates eos incidunt qui sed ex. Occaecati id nihil veritatis totam deserunt. Aperiam totam in voluptatem.', 131, 2, 13, '2019-02-13 01:02:14', '2019-02-13 01:02:14'),
(226, 'animi', 'Omnis explicabo reiciendis aspernatur qui explicabo consequatur. Nihil quo dolore eos ut. Quidem enim saepe magni blanditiis repudiandae saepe.', 235, 1, 23, '2019-02-13 01:02:14', '2019-02-13 01:02:14'),
(227, 'voluptas', 'Maxime ab ea optio ut quia et asperiores. Tempora quis ea rerum rem. Eius error non expedita eaque eveniet reiciendis. Blanditiis qui saepe fugiat nihil. Laudantium dolorem vero vel autem eaque hic esse sint.', 375, 5, 23, '2019-02-13 01:02:15', '2019-02-13 01:02:15'),
(228, 'harum', 'Officiis est iure natus repellendus. Sint qui recusandae facere ut voluptas repellendus. Et ab sit repudiandae totam ut nobis.', 226, 8, 23, '2019-02-13 01:02:15', '2019-02-13 01:02:15'),
(229, 'molestiae', 'Et omnis excepturi alias ipsum molestiae. Hic asperiores voluptatibus repellendus enim sunt et. Quia nesciunt adipisci excepturi fugit dolores dolores corporis. Qui unde dolores autem dicta.', 482, 9, 13, '2019-02-13 01:02:15', '2019-02-13 01:02:15'),
(230, 'earum', 'Similique mollitia est veritatis harum ipsum itaque. Temporibus ipsa velit quam odio. At harum libero quasi quasi.', 696, 2, 14, '2019-02-13 01:02:15', '2019-02-13 01:02:15'),
(231, 'consequatur', 'Soluta architecto soluta ut eius similique perspiciatis. Quis aperiam maiores ullam nisi. Possimus nesciunt nostrum quos maxime laborum. Voluptate voluptatem quia velit.', 282, 9, 30, '2019-02-13 01:02:15', '2019-02-13 01:02:15'),
(232, 'veniam', 'Maiores magnam nesciunt dolorem voluptas est est nulla. Sapiente est animi in quam nesciunt nihil. Qui vel omnis nihil dolorem deserunt voluptatem.', 483, 8, 2, '2019-02-13 01:02:15', '2019-02-13 01:02:15'),
(233, 'ducimus', 'Quis repudiandae dolor molestiae voluptas commodi. Sit suscipit aut facere dicta neque velit. Facilis suscipit vel magni necessitatibus dicta ipsam in aperiam. Et itaque doloremque accusamus praesentium qui totam.', 700, 7, 10, '2019-02-13 01:02:15', '2019-02-13 01:02:15'),
(234, 'fugiat', 'Perferendis sed saepe veritatis alias. Ipsum quidem nisi ad velit. Consequatur veniam tenetur velit qui dicta illum adipisci est. Quaerat enim reprehenderit ullam architecto velit. Et odio ea sint ut perspiciatis qui provident.', 287, 9, 24, '2019-02-13 01:02:15', '2019-02-13 01:02:15'),
(235, 'dolores', 'Omnis quas quaerat eos ipsam alias vitae et. Unde enim asperiores qui excepturi. Fugit voluptas vitae porro sequi quo.', 958, 7, 6, '2019-02-13 01:02:15', '2019-02-13 01:02:15'),
(236, 'et', 'Dolor aut facilis qui rerum est veritatis. Nam sunt quasi quo. Vitae unde omnis neque ad ut qui. Dolores quia ut asperiores sint.', 721, 9, 11, '2019-02-13 01:02:15', '2019-02-13 01:02:15'),
(237, 'aut', 'Inventore beatae placeat impedit ea rerum voluptates tempora. Omnis repellat voluptates quasi modi. Dolorem quo molestiae sunt. Similique aperiam eum hic voluptatem aut aperiam.', 735, 7, 21, '2019-02-13 01:02:15', '2019-02-13 01:02:15'),
(238, 'expedita', 'Eos tempore modi velit animi officia sed. Nesciunt sint tempora ea illo. Accusamus blanditiis atque voluptas eveniet doloribus eius et blanditiis.', 597, 2, 7, '2019-02-13 01:02:15', '2019-02-13 01:02:15'),
(239, 'ut', 'Sequi quam dolore dolor asperiores aut sint. Et alias fugit ducimus voluptates. Et voluptatem est nostrum corrupti provident soluta dolore.', 453, 4, 29, '2019-02-13 01:02:15', '2019-02-13 01:02:15'),
(240, 'esse', 'Ut aut atque qui itaque quibusdam. Iste autem accusamus placeat ut nihil velit rerum nihil.', 609, 3, 17, '2019-02-13 01:02:15', '2019-02-13 01:02:15'),
(241, 'pariatur', 'Atque repellat quia autem fugiat sed dolor. Nihil corrupti facilis ipsum velit. Ex dolores aut et ratione dolorum quas fugit. Vel provident ullam velit commodi eius.', 926, 7, 25, '2019-02-13 01:02:15', '2019-02-13 01:02:15'),
(242, 'perspiciatis', 'Maxime enim ut quasi non delectus. Est aut ut hic eaque quia voluptatem. Consequuntur doloribus et similique ut voluptatem. Laboriosam nihil sunt ipsam consequatur tempore.', 772, 1, 30, '2019-02-13 01:02:15', '2019-02-13 01:02:15'),
(243, 'iusto', 'Quos nulla sit fugit quia. Commodi provident qui quaerat dolores cum deserunt. Vel totam est voluptatibus aut iste velit beatae. Ad ut ex et eum ipsa totam quidem asperiores.', 771, 7, 16, '2019-02-13 01:02:16', '2019-02-13 01:02:16'),
(244, 'maiores', 'Facilis omnis aut deleniti maxime quia. Sit amet animi nobis doloremque cum quia. Voluptatem nesciunt necessitatibus provident corporis amet consequuntur ea.', 575, 3, 30, '2019-02-13 01:02:16', '2019-02-13 01:02:16'),
(245, 'et', 'Saepe est non eos. Magnam fugiat natus molestiae aut. Aliquid tenetur commodi sequi ducimus.', 704, 3, 12, '2019-02-13 01:02:16', '2019-02-13 01:02:16'),
(246, 'aut', 'Deleniti cupiditate dolorem id ut temporibus odio dolor. Dignissimos consequatur nostrum alias exercitationem molestiae dolorem sit. Earum sunt consectetur omnis quia tempore.', 556, 9, 24, '2019-02-13 01:02:16', '2019-02-13 01:02:16'),
(247, 'accusantium', 'Maiores illum voluptas quod sapiente excepturi optio nostrum. Repellat maxime aut accusamus. Velit ad iusto et ex. Perspiciatis cumque dolorum occaecati consequatur cumque molestias.', 360, 6, 6, '2019-02-13 01:02:16', '2019-02-13 01:02:16'),
(248, 'facere', 'Harum fugit reiciendis sed porro atque voluptatibus. Voluptatem tenetur est dolorem reprehenderit. Sit necessitatibus doloribus non veniam aut itaque excepturi nisi.', 159, 4, 22, '2019-02-13 01:02:16', '2019-02-13 01:02:16'),
(249, 'tenetur', 'Ratione eligendi sed doloremque. Amet iusto id ratione laudantium laborum ea. Architecto ullam provident modi molestiae pariatur.', 636, 8, 28, '2019-02-13 01:02:16', '2019-02-13 01:02:16'),
(250, 'libero', 'Aut aut assumenda expedita deleniti. Sint ducimus repellendus ducimus itaque in. Voluptate ut modi aut et omnis. Nisi placeat quia eligendi ea.', 478, 9, 3, '2019-02-13 01:02:16', '2019-02-13 01:02:16'),
(251, 'sunt', 'Qui quisquam neque est alias. Eligendi facere quasi dolorem et facere voluptates. Eos non in cumque quasi cupiditate officiis odio. Placeat eligendi quisquam harum. Magni alias voluptatibus perspiciatis accusantium.', 129, 9, 10, '2019-02-13 01:02:29', '2019-02-13 01:02:29'),
(252, 'omnis', 'Est doloribus voluptas sint fuga sint aut. Ut qui aut voluptates eaque vel. Odit expedita perspiciatis perferendis eveniet. Assumenda eaque cumque nihil voluptate vitae ipsam fugit.', 704, 5, 26, '2019-02-13 01:02:29', '2019-02-13 01:02:29'),
(253, 'et', 'Accusantium quia et laboriosam repellat. Nobis dolore sed sapiente praesentium. Cum quo culpa eveniet id quod. Asperiores et molestiae veritatis sit porro hic.', 623, 7, 29, '2019-02-13 01:02:29', '2019-02-13 01:02:29'),
(254, 'quia', 'Numquam neque illum deleniti eum. Ex maiores aliquam voluptatibus placeat. Aperiam sed natus ad autem. Unde cum atque dolor maxime laboriosam iusto.', 610, 9, 28, '2019-02-13 01:02:29', '2019-02-13 01:02:29'),
(255, 'sunt', 'Et rem repellendus quam. Magnam saepe magnam libero omnis id beatae. Asperiores vel itaque recusandae in.', 203, 4, 10, '2019-02-13 01:02:29', '2019-02-13 01:02:29'),
(256, 'impedit', 'Doloribus eos iusto ratione voluptatem reiciendis. Et sapiente dolor dolorem est. Voluptatem ex esse ea ratione rem. Cum suscipit tempora neque numquam.', 713, 9, 27, '2019-02-13 01:02:29', '2019-02-13 01:02:29'),
(257, 'dolor', 'Quisquam neque ab eos ut. Deserunt alias quam illo sapiente. Unde dolorem est libero qui veritatis. Molestias at consequatur qui sit eos labore.', 362, 5, 15, '2019-02-13 01:02:29', '2019-02-13 01:02:29'),
(258, 'at', 'Delectus nesciunt illo amet ut magni minima. Necessitatibus fuga totam neque minus atque ab molestiae. Voluptas harum et corrupti delectus aut. Libero nihil esse et dolores et aut dolorem.', 799, 1, 12, '2019-02-13 01:02:29', '2019-02-13 01:02:29'),
(259, 'veniam', 'Dolorem veritatis ea non ut. Eum non quae dolorum illo rem ab cupiditate. Omnis nemo rem est voluptatibus repellat. Ipsa commodi voluptatibus repudiandae velit dolor ea. Cum minus deleniti qui impedit et dolorem.', 276, 8, 16, '2019-02-13 01:02:29', '2019-02-13 01:02:29'),
(260, 'eum', 'Magni sit voluptatibus esse. Alias fugiat voluptatem nihil voluptas eaque labore nemo quod. Vero consequuntur qui sed dolorum repellat facere alias voluptas.', 520, 2, 17, '2019-02-13 01:02:29', '2019-02-13 01:02:29'),
(261, 'doloribus', 'Vero deserunt dolor voluptas. Itaque fugit qui aliquam ea delectus impedit voluptates. Qui amet et consequuntur eos quas explicabo eveniet.', 635, 9, 24, '2019-02-13 01:02:29', '2019-02-13 01:02:29'),
(262, 'unde', 'Ipsam eum aliquam inventore voluptatem quasi. Reprehenderit est odit facilis eos dolores corporis libero. Aut officia delectus atque sed. Ea ab officiis assumenda qui autem doloribus.', 308, 1, 10, '2019-02-13 01:02:29', '2019-02-13 01:02:29'),
(263, 'id', 'Nesciunt nulla nemo voluptatum qui vel suscipit. Ipsa reprehenderit tenetur fugiat omnis nobis dolorem. Ab libero delectus accusamus tempore velit. Pariatur blanditiis veniam enim voluptatem et eligendi maiores quod.', 836, 1, 27, '2019-02-13 01:02:30', '2019-02-13 01:02:30'),
(264, 'consequuntur', 'Velit quam mollitia molestiae dicta. Quos accusamus dolor dolores ex. Quam asperiores dolor molestiae voluptates molestiae ut reiciendis. Corporis aut ipsam id aperiam consequatur nulla atque placeat.', 846, 1, 8, '2019-02-13 01:02:30', '2019-02-13 01:02:30'),
(265, 'non', 'Et ipsum necessitatibus consequuntur iure minima. Soluta voluptatem amet aperiam. Delectus minima dolor deleniti tempore.', 515, 0, 15, '2019-02-13 01:02:30', '2019-02-13 01:02:30'),
(266, 'voluptas', 'Repellat atque id officia laboriosam consequatur dolorum aut. Dolorem eum rerum eveniet modi iusto aperiam ducimus. Quos soluta temporibus autem tempore non omnis sit. Voluptatem aut quidem iure.', 216, 8, 16, '2019-02-13 01:02:30', '2019-02-13 01:02:30'),
(267, 'consequatur', 'Fugit ipsa a et dolor eaque doloribus corrupti. Esse quis maiores eius quae ea ut libero aut. Nobis sit quibusdam eius eius voluptates. Dignissimos libero aut error.', 191, 8, 18, '2019-02-13 01:02:30', '2019-02-13 01:02:30'),
(268, 'occaecati', 'Tenetur doloribus ex exercitationem necessitatibus et dolor. Aut non dolor iusto sequi ea sint quo. Sit dignissimos aut voluptatibus optio doloremque.', 755, 8, 30, '2019-02-13 01:02:30', '2019-02-13 01:02:30'),
(269, 'et', 'Molestias labore aut molestiae cum est et accusantium. Quis reprehenderit iure quia nesciunt voluptatem exercitationem sunt eos. Libero et dolores perferendis laboriosam placeat possimus sequi. Illum vero quia numquam alias.', 505, 2, 2, '2019-02-13 01:02:30', '2019-02-13 01:02:30'),
(270, 'dolore', 'Sint perferendis non sit officia temporibus ut necessitatibus dolorum. Labore aut ut nesciunt velit voluptatem quo. Autem ut beatae nihil velit dolor consectetur rerum ratione.', 920, 7, 14, '2019-02-13 01:02:30', '2019-02-13 01:02:30'),
(271, 'ipsa', 'Id qui dolores incidunt molestiae. Adipisci totam sed maxime porro blanditiis consequatur. Ut non voluptatem voluptatem voluptate in provident. Ut nulla alias maiores dignissimos.', 808, 8, 17, '2019-02-13 01:02:30', '2019-02-13 01:02:30'),
(272, 'repudiandae', 'Numquam qui odit perferendis et officia aliquid. Et fugiat natus qui. Reprehenderit laboriosam eaque commodi porro nam magni. Nobis sed aut aspernatur dolorem totam neque enim repellendus. At porro magni nesciunt ut explicabo ipsam ut ut.', 138, 5, 7, '2019-02-13 01:02:30', '2019-02-13 01:02:30'),
(273, 'quia', 'Aliquid commodi aut sit. Fuga consequuntur id distinctio aut est quaerat. Sit occaecati et quo ut atque error accusantium est. Voluptatem aliquam quos sint vitae est repellendus.', 586, 1, 9, '2019-02-13 01:02:30', '2019-02-13 01:02:30'),
(274, 'alias', 'Perspiciatis mollitia incidunt incidunt inventore omnis provident. Deserunt nobis quis maiores. Eum similique possimus sit cumque.', 667, 2, 15, '2019-02-13 01:02:30', '2019-02-13 01:02:30'),
(275, 'deleniti', 'Autem mollitia fuga incidunt esse at sunt ea corporis. Quod et nulla nostrum ex facilis iure est. Eos eius omnis ullam enim.', 612, 8, 3, '2019-02-13 01:02:30', '2019-02-13 01:02:30'),
(276, 'consequatur', 'Vel quos assumenda et dolores voluptatem. A ratione corporis consequatur asperiores saepe delectus et minus. Officia enim distinctio vel voluptatem adipisci.', 284, 3, 17, '2019-02-13 01:02:30', '2019-02-13 01:02:30'),
(277, 'vitae', 'Illum cum sequi ipsa fuga aliquam consectetur unde. Et unde totam est dolorum dolor. Debitis aut commodi ad est voluptatum et.', 208, 4, 26, '2019-02-13 01:02:30', '2019-02-13 01:02:30'),
(278, 'asperiores', 'Mollitia deleniti excepturi molestiae unde qui odit. Ut cumque ratione ullam. Reiciendis facere sit eum omnis pariatur recusandae dolores aut. Laudantium quibusdam impedit dolores rerum aperiam explicabo.', 885, 4, 28, '2019-02-13 01:02:30', '2019-02-13 01:02:30'),
(279, 'atque', 'Id iure provident quidem veniam sunt. Nostrum reprehenderit atque minus consequatur aliquid tempora hic. Non quia tenetur ullam unde quia perspiciatis quos. Officia eum aut qui mollitia vel laborum.', 574, 2, 30, '2019-02-13 01:02:30', '2019-02-13 01:02:30'),
(280, 'velit', 'Eum cupiditate animi ratione id officia. Perspiciatis qui accusamus adipisci et ipsum corporis omnis ad. Quia soluta et aut rerum eum et eos.', 824, 0, 5, '2019-02-13 01:02:31', '2019-02-13 01:02:31'),
(281, 'sit', 'Qui itaque ducimus rerum eius ut nulla. Magni laboriosam omnis accusamus sunt veritatis voluptatum.', 225, 2, 3, '2019-02-13 01:02:31', '2019-02-13 01:02:31'),
(282, 'eum', 'Ut molestiae et sit exercitationem eligendi inventore. Neque molestiae ex maiores molestiae rerum. Incidunt incidunt facere sint ut corrupti. Consequatur et officia fuga rerum natus quasi exercitationem doloremque. A necessitatibus dolore commodi error dolores ut.', 831, 0, 7, '2019-02-13 01:02:31', '2019-02-13 01:02:31'),
(283, 'cum', 'Quidem sit ea consequuntur ut. Cupiditate doloribus tempore laboriosam at qui. Id consequatur blanditiis officia accusantium cupiditate.', 549, 4, 24, '2019-02-13 01:02:31', '2019-02-13 01:02:31'),
(284, 'sed', 'Error minus distinctio delectus placeat et id. Iste odio cum nam sint voluptatem iste. Ipsa rerum magnam molestias perspiciatis. Corporis dolor ea sint qui repudiandae quis placeat.', 796, 4, 2, '2019-02-13 01:02:31', '2019-02-13 01:02:31'),
(285, 'reiciendis', 'Ut illo ratione voluptatum voluptatem. Quis nobis quidem earum aut praesentium expedita laboriosam. Excepturi provident doloremque ipsa dolor non. Quod et cupiditate est tenetur sed explicabo officia.', 405, 7, 13, '2019-02-13 01:02:31', '2019-02-13 01:02:31'),
(286, 'possimus', 'Corrupti quia ratione et. Est enim nihil numquam nam atque at quisquam. Ab consequuntur atque rem vitae.', 348, 8, 16, '2019-02-13 01:02:31', '2019-02-13 01:02:31'),
(287, 'sed', 'Sit quia a unde est. Ut doloremque pariatur officiis et voluptatibus repellendus voluptas adipisci. Vel nam accusamus rerum minima nobis illo.', 635, 0, 4, '2019-02-13 01:02:31', '2019-02-13 01:02:31'),
(288, 'quam', 'Et sed qui corporis qui. Labore recusandae sed quidem quaerat. Eum reiciendis rerum voluptate aliquam recusandae quasi. Possimus expedita sit dolorum eligendi suscipit reiciendis.', 861, 4, 14, '2019-02-13 01:02:31', '2019-02-13 01:02:31'),
(289, 'illum', 'Amet non sit repudiandae deserunt doloremque in impedit quos. Rerum vel ut impedit aliquid recusandae cum. Quis iusto non quasi dolorem error possimus consequatur.', 578, 7, 19, '2019-02-13 01:02:31', '2019-02-13 01:02:31'),
(290, 'autem', 'Assumenda aut at aperiam ab et est earum. Saepe et officiis repellat provident et voluptatibus aliquid officia. Commodi eos earum temporibus quia porro laboriosam. Quas doloribus qui beatae suscipit ratione repellendus ullam. Quia nihil dolorum voluptate libero.', 526, 9, 22, '2019-02-13 01:02:31', '2019-02-13 01:02:31'),
(291, 'harum', 'Deleniti enim dolores accusantium dolorum iste sunt modi. Voluptatem dolorum qui iure non quia aut consequatur molestias. Amet accusantium non sequi accusantium iste.', 685, 4, 5, '2019-02-13 01:02:31', '2019-02-13 01:02:31'),
(292, 'facilis', 'Ut facere dolor tempora ex necessitatibus. Culpa voluptas dolorum voluptatem nostrum sunt voluptate at. Laborum vel inventore eveniet recusandae consequatur expedita. Assumenda ea praesentium veritatis quia qui tempora.', 227, 2, 22, '2019-02-13 01:02:31', '2019-02-13 01:02:31'),
(293, 'aut', 'Id voluptatum dolor accusantium corrupti. Vero eaque et itaque mollitia voluptatem ratione molestiae. Minus vero et reprehenderit est soluta at.', 599, 4, 7, '2019-02-13 01:02:31', '2019-02-13 01:02:31'),
(294, 'repellat', 'Dolores quam quos quaerat debitis hic odio. Id id eum quaerat ad consequatur dolor distinctio delectus. Explicabo iusto delectus iure et deserunt totam quam odio.', 766, 5, 9, '2019-02-13 01:02:31', '2019-02-13 01:02:31'),
(295, 'sapiente', 'Dolorem dolorum non suscipit eos est distinctio. Porro veritatis officiis aut. Corrupti voluptas voluptatibus qui a expedita maxime. Aperiam dolor deserunt consequatur impedit suscipit rerum. Molestias quo atque aut et porro blanditiis.', 543, 5, 2, '2019-02-13 01:02:31', '2019-02-13 01:02:31'),
(296, 'fugiat', 'Aut sunt distinctio eum nam impedit non esse. Praesentium perspiciatis ea ut inventore quia natus adipisci. In commodi id quidem magnam et occaecati. Voluptas deleniti quia provident qui omnis.', 936, 8, 17, '2019-02-13 01:02:31', '2019-02-13 01:02:31'),
(297, 'numquam', 'Voluptatem impedit in provident aut. Animi et sed beatae vitae corporis nihil. Et voluptate neque sunt provident adipisci et.', 823, 9, 3, '2019-02-13 01:02:31', '2019-02-13 01:02:31'),
(298, 'minima', 'Nihil animi ullam quis et voluptatem dolore. Ad blanditiis et libero neque. Quis quibusdam et dolores et hic. At nisi sit ipsam et perspiciatis aut ad.', 222, 2, 5, '2019-02-13 01:02:31', '2019-02-13 01:02:31'),
(299, 'nihil', 'Consequatur debitis vero sunt esse voluptatibus officia perferendis non. Vitae illo est animi nihil incidunt placeat voluptatum. Sit voluptatem quisquam aut distinctio exercitationem fugiat. Quis et pariatur repudiandae quibusdam placeat.', 342, 2, 5, '2019-02-13 01:02:31', '2019-02-13 01:02:31'),
(300, 'ut', 'Dolorem non facere consequatur nihil mollitia id cumque. Cupiditate voluptatem molestiae illum sunt nulla qui perspiciatis voluptatem. Dolores voluptatibus rem commodi odio aliquid modi. Minus velit reprehenderit velit nihil ullam nostrum.', 804, 6, 7, '2019-02-13 01:02:31', '2019-02-13 01:02:31'),
(301, 'Iphone X', 'The best ever phone with face ID', 1000, 10, 50, '2019-02-14 03:42:40', '2019-02-14 03:42:40'),
(302, 'Iphone 8', 'The best till now', 500, 100, 70, '2019-02-14 03:57:13', '2019-02-14 03:57:13');

-- --------------------------------------------------------

--
-- Table structure for table `reviews`
--

CREATE TABLE `reviews` (
  `id` int(10) UNSIGNED NOT NULL,
  `product_id` int(10) UNSIGNED NOT NULL,
  `customer` varchar(255) COLLATE utf8mb4_unicode_ci NOT NULL,
  `review` text COLLATE utf8mb4_unicode_ci NOT NULL,
  `star` int(11) NOT NULL,
  `created_at` timestamp NULL DEFAULT NULL,
  `updated_at` timestamp NULL DEFAULT NULL
) ENGINE=InnoDB DEFAULT CHARSET=utf8mb4 COLLATE=utf8mb4_unicode_ci;

--
-- Dumping data for table `reviews`
--

INSERT INTO `reviews` (`id`, `product_id`, `customer`, `review`, `star`, `created_at`, `updated_at`) VALUES
(1, 39, 'Tiana Cronin', 'Eos velit error culpa. Accusantium aliquam est neque dolorem consectetur. Neque facere cumque velit nisi sit ex. Velit blanditiis doloremque perspiciatis repellat delectus.', 2, '2019-02-13 01:02:32', '2019-02-13 01:02:32'),
(2, 47, 'Ms. Susana Beahan', 'Voluptatibus dolores iusto commodi ducimus et. Iste fuga harum ea. Voluptas doloremque molestias consectetur officia voluptatem est quam blanditiis. Sit natus quo odio nam sit autem alias.', 5, '2019-02-13 01:02:32', '2019-02-13 01:02:32'),
(3, 241, 'Bertha O\'Connell', 'Quis quisquam quisquam dolorem. Omnis vitae sapiente facilis eius eaque. Beatae et quam cumque optio et aut excepturi dicta. Inventore cupiditate voluptatibus saepe eum.', 4, '2019-02-13 01:02:32', '2019-02-13 01:02:32'),
(4, 8, 'Mrs. Irma Fisher', 'Est dolor sunt eligendi. Eos quas nobis qui optio. Atque sequi inventore et dolor quod quia.', 3, '2019-02-13 01:02:32', '2019-02-13 01:02:32'),
(5, 155, 'Karolann Hoppe', 'Et dolores qui asperiores rerum voluptatem. Repellat nobis ad deserunt rem ut omnis molestias possimus. Fuga omnis dolores voluptatem qui est voluptates impedit voluptas.', 0, '2019-02-13 01:02:32', '2019-02-13 01:02:32'),
(6, 150, 'Tess Kuhn', 'Ut cum id iure nobis fuga ipsam. Reiciendis quis tempora dicta sed autem quis quos. Voluptatem minus est ipsa voluptatem ut.', 0, '2019-02-13 01:02:33', '2019-02-13 01:02:33'),
(7, 62, 'Julianne Olson IV', 'Aliquam et atque ea sunt ea non. Voluptatem vel officia incidunt sit occaecati. Assumenda nihil dicta quam explicabo quam consequatur totam aut. Eligendi et iusto quo et.', 3, '2019-02-13 01:02:33', '2019-02-13 01:02:33'),
(8, 217, 'Dr. Josefa Fadel', 'Et qui quia accusantium est architecto. Qui vitae maxime voluptatibus quos. Alias et voluptate quia modi porro quos porro.', 0, '2019-02-13 01:02:33', '2019-02-13 01:02:33'),
(9, 29, 'Prof. Mireille Greenholt', 'Aut nesciunt necessitatibus corrupti aut aliquid. Omnis molestias voluptas officiis vel sed. Sunt aut repellat et assumenda laboriosam ab reiciendis. Quam possimus tenetur est mollitia molestiae sint voluptas.', 1, '2019-02-13 01:02:33', '2019-02-13 01:02:33'),
(10, 261, 'Vinnie Mills II', 'Modi unde inventore nam fuga molestiae quo. Illum error voluptatum saepe architecto quae.', 2, '2019-02-13 01:02:33', '2019-02-13 01:02:33'),
(11, 172, 'Edwin Klein', 'Autem pariatur aut nihil molestiae sapiente aliquam. Praesentium est voluptatem mollitia fugit culpa dolores officiis. Est accusamus deleniti hic accusantium quia dolorem.', 0, '2019-02-13 01:02:33', '2019-02-13 01:02:33'),
(12, 195, 'Madison Medhurst', 'Assumenda praesentium ipsum placeat temporibus. In adipisci incidunt dolorem est. Vero rerum atque iusto eaque aperiam aut. Vitae voluptatem nostrum est autem.', 2, '2019-02-13 01:02:33', '2019-02-13 01:02:33'),
(13, 174, 'Mrs. Heloise Okuneva', 'Sit ipsa recusandae eos eaque molestiae asperiores veniam. Dolores unde aliquam maiores. Ea non sunt laudantium. Qui quas eum et alias nesciunt.', 3, '2019-02-13 01:02:33', '2019-02-13 01:02:33'),
(14, 16, 'Chesley Corkery', 'Vitae quia corrupti vitae neque eos odit qui. Doloremque similique laboriosam optio aliquid. Et et cumque nihil numquam. Est non quos velit maxime delectus.', 3, '2019-02-13 01:02:33', '2019-02-13 01:02:33'),
(15, 232, 'Prof. Kory Koelpin I', 'Aut delectus et quasi tenetur autem dolor saepe. Ea cumque illum molestiae et ex voluptas fuga. Dolore perferendis repellat nostrum eligendi totam impedit sint. Sint eos distinctio accusantium laboriosam quaerat itaque qui qui.', 1, '2019-02-13 01:02:33', '2019-02-13 01:02:33'),
(16, 183, 'Lola O\'Hara PhD', 'Debitis et quia aut tempore. At alias consequatur aut temporibus ab. Quaerat inventore cumque consectetur et est dignissimos suscipit. Aut ipsa quidem est perspiciatis animi.', 2, '2019-02-13 01:02:33', '2019-02-13 01:02:33'),
(17, 157, 'Herman Fisher', 'Molestiae quod minus quia libero excepturi enim eius. Nihil repellendus alias fugiat. Ipsum enim sunt corrupti minima nihil omnis sint. Ex quisquam in quidem.', 2, '2019-02-13 01:02:33', '2019-02-13 01:02:33'),
(18, 165, 'Elliot Kertzmann', 'Voluptate quo expedita qui distinctio exercitationem enim. Modi facere ex distinctio quis nemo omnis aut. Sint porro quod ut doloribus veritatis harum.', 1, '2019-02-13 01:02:33', '2019-02-13 01:02:33'),
(19, 23, 'Lenore Ryan', 'Ipsa quod voluptatem at voluptate. Et sunt saepe sint et delectus dolorem dicta. Laboriosam suscipit magni quibusdam qui dolores. Ex odio totam et aut officia accusamus dolores reprehenderit.', 5, '2019-02-13 01:02:33', '2019-02-13 01:02:33'),
(20, 63, 'Prof. Ramiro Fritsch DVM', 'Sed non illum nulla doloremque. Libero quas quos iusto perferendis perspiciatis consequatur dolor. Necessitatibus mollitia eaque saepe est amet voluptatem voluptatem est.', 4, '2019-02-13 01:02:33', '2019-02-13 01:02:33'),
(21, 296, 'Aylin Hoppe', 'Dolor blanditiis architecto dolore error tempore aut. Non modi illo ut veritatis ducimus. In pariatur ut corrupti ullam vel velit omnis eius. Consequatur eligendi nemo culpa eaque.', 1, '2019-02-13 01:02:33', '2019-02-13 01:02:33'),
(22, 1, 'Adell Dare', 'Non debitis neque quam possimus praesentium. Repellendus esse rem rem perspiciatis vel qui architecto. Eum maxime totam eaque rerum harum et consequatur. Iusto consequatur id provident voluptate.', 4, '2019-02-13 01:02:33', '2019-02-13 01:02:33'),
(23, 163, 'Fay Senger', 'Optio voluptate distinctio minus totam necessitatibus. A est qui omnis aut et tempore qui. Et consequuntur commodi culpa quis quisquam sed ut dignissimos. Praesentium esse dolore doloribus dolorem hic sequi nisi.', 0, '2019-02-13 01:02:33', '2019-02-13 01:02:33'),
(24, 238, 'Trevion Kuhlman II', 'Animi aut aut pariatur veniam quidem. Mollitia ipsa rerum at molestiae est non. Dolores eaque laborum modi et. Tenetur dolore est in mollitia nihil qui rerum.', 0, '2019-02-13 01:02:34', '2019-02-13 01:02:34'),
(25, 215, 'Christelle Schneider', 'Qui numquam debitis sunt eum assumenda. Ab consequatur at in et consectetur libero.', 5, '2019-02-13 01:02:34', '2019-02-13 01:02:34'),
(26, 79, 'Shaniya Schumm', 'Quos neque est suscipit illum consequatur sint voluptatem minus. Ipsam quae animi consequatur rerum earum ut rerum dignissimos. Autem eveniet autem molestias.', 2, '2019-02-13 01:02:34', '2019-02-13 01:02:34'),
(27, 101, 'Mrs. Shanny Rice', 'Ut autem aliquam expedita provident. Ipsum maxime mollitia quia aut vitae explicabo. Accusantium magni dolores non et.', 4, '2019-02-13 01:02:34', '2019-02-13 01:02:34'),
(28, 127, 'Demond Konopelski', 'Consequuntur blanditiis pariatur voluptas expedita soluta sapiente officia. Deserunt exercitationem dicta accusantium ab. Incidunt voluptatibus ut sint quae esse sit voluptas.', 0, '2019-02-13 01:02:34', '2019-02-13 01:02:34'),
(29, 42, 'Jordyn Williamson', 'Dolor impedit et porro officiis natus eius aut. Qui necessitatibus earum facilis dolorem dolore. Consequatur harum consequatur in nulla. Pariatur voluptas quo quos amet consequatur eos.', 3, '2019-02-13 01:02:34', '2019-02-13 01:02:34'),
(30, 197, 'Caterina Mitchell', 'Corporis vel dolorem in suscipit dolores. Vel quia porro est molestias labore tempora qui est.', 2, '2019-02-13 01:02:34', '2019-02-13 01:02:34'),
(31, 23, 'Maud Goldner', 'Minus asperiores aut non sed. Ullam possimus laborum culpa doloremque explicabo aut et. Voluptates odit aut amet est veniam sint et.', 2, '2019-02-13 01:02:34', '2019-02-13 01:02:34'),
(32, 96, 'Prof. Connie Muller', 'Dignissimos deserunt ea eum iusto. Reiciendis accusamus placeat unde accusantium doloribus necessitatibus. Ut porro aut inventore velit reprehenderit incidunt sunt.', 4, '2019-02-13 01:02:34', '2019-02-13 01:02:34'),
(33, 27, 'Angus Bruen', 'Fugiat veniam sed recusandae aut. Eos nemo quis eius et. Aliquam sed facere maxime dolores repellat provident. Dolorem totam sed earum reprehenderit voluptate harum enim dolor.', 2, '2019-02-13 01:02:34', '2019-02-13 01:02:34'),
(34, 73, 'Dr. Isac Mitchell III', 'Atque in ullam quia ex. Maiores ducimus vitae porro quia ut. Mollitia ut adipisci minima ut molestias.', 3, '2019-02-13 01:02:34', '2019-02-13 01:02:34'),
(35, 34, 'Adrian O\'Hara', 'Quisquam qui rem necessitatibus asperiores exercitationem amet. A et voluptatem animi sunt et. Assumenda libero aut dolor non occaecati possimus nam quo.', 2, '2019-02-13 01:02:34', '2019-02-13 01:02:34'),
(36, 52, 'Angelita Price', 'Vel cum sit perferendis. Facilis quos qui numquam autem porro ut. Numquam repudiandae porro velit maiores nobis itaque atque quia.', 4, '2019-02-13 01:02:34', '2019-02-13 01:02:34'),
(37, 286, 'Carlo Kihn', 'Est nulla veritatis et. Ratione eos et fugiat id explicabo perspiciatis.', 5, '2019-02-13 01:02:34', '2019-02-13 01:02:34'),
(38, 62, 'Ms. Matilda Batz', 'Sit voluptatem velit aliquid molestiae. Dolores voluptas minus quo fugit repudiandae. Rem exercitationem non asperiores velit sunt consequuntur.', 5, '2019-02-13 01:02:34', '2019-02-13 01:02:34'),
(39, 37, 'Loyce Beatty', 'Occaecati est omnis ullam est. Aut perspiciatis itaque necessitatibus ab neque veritatis dolor. Nesciunt omnis rerum consequuntur vel ducimus.', 3, '2019-02-13 01:02:34', '2019-02-13 01:02:34'),
(40, 123, 'Marisa Will II', 'Et ea tenetur sit nam ratione ut dolores. Sint nisi laudantium possimus id. Consequatur saepe fuga voluptatibus eos officia. Dolores nisi eaque laborum esse eos.', 3, '2019-02-13 01:02:34', '2019-02-13 01:02:34'),
(41, 282, 'Kenyon Goyette', 'Consequatur sapiente impedit voluptatum totam. Recusandae veniam explicabo voluptatum error sint et. Quam dolorem qui rerum molestias et occaecati. Officiis a cupiditate vel sed.', 1, '2019-02-13 01:02:34', '2019-02-13 01:02:34'),
(42, 256, 'Mr. Josh Wiegand MD', 'Eos consectetur hic amet a nostrum. Distinctio neque quidem ea perspiciatis exercitationem culpa voluptatem. Sit magni totam voluptatibus rerum aliquid voluptatem.', 3, '2019-02-13 01:02:35', '2019-02-13 01:02:35'),
(43, 114, 'Rickie Rutherford', 'Eos qui pariatur debitis. Voluptas necessitatibus enim dolorem atque quaerat consequatur ipsum commodi. Repudiandae et consequuntur id eveniet dolores sint minus. Eligendi iusto numquam voluptates quidem non adipisci.', 0, '2019-02-13 01:02:35', '2019-02-13 01:02:35'),
(44, 29, 'Giovanny Lowe', 'Ea tenetur est similique velit. Qui ea inventore laboriosam eveniet id aliquid. Laudantium ducimus vel consectetur laboriosam magni fugiat inventore eum.', 5, '2019-02-13 01:02:35', '2019-02-13 01:02:35'),
(45, 150, 'Pearline McDermott', 'Veniam vel iste necessitatibus quo autem atque. Impedit sequi fugiat sint quia. Esse dolores totam totam deleniti occaecati ducimus rerum molestiae.', 4, '2019-02-13 01:02:35', '2019-02-13 01:02:35'),
(46, 34, 'Miles Purdy II', 'Ratione numquam accusantium unde. Aliquam velit vitae dolore nobis ullam modi. Qui est illum voluptate qui. Voluptatibus ab omnis porro dolores cupiditate quia error. Doloremque in et inventore id.', 5, '2019-02-13 01:02:35', '2019-02-13 01:02:35'),
(47, 144, 'Jan Fritsch', 'Culpa amet consequatur est aspernatur et dolorum. Sed maxime similique expedita similique et vitae voluptas. Magnam atque fuga sequi qui libero voluptates quibusdam voluptatem.', 2, '2019-02-13 01:02:35', '2019-02-13 01:02:35'),
(48, 67, 'Vita Deckow', 'Sed est architecto sint quasi quis. Deserunt omnis delectus fugit consequuntur illum. Veniam repellat debitis consequatur dolor.', 2, '2019-02-13 01:02:35', '2019-02-13 01:02:35'),
(49, 169, 'Mrs. Carmen O\'Conner Jr.', 'Eum libero facilis et consequatur. Optio impedit maxime labore nostrum. Reiciendis mollitia fuga et. Et voluptatibus sapiente quae.', 5, '2019-02-13 01:02:35', '2019-02-13 01:02:35'),
(50, 141, 'Ruth Heathcote', 'Consequatur ipsam excepturi et quis. Facilis sit id quia maxime nulla soluta mollitia. Molestias id voluptas ad maiores quia similique.', 5, '2019-02-13 01:02:35', '2019-02-13 01:02:35'),
(51, 48, 'Annette Cremin', 'Eaque aut ipsum expedita voluptatum. Possimus ut ullam eum veritatis sit. Sit iste pariatur optio tempora. Voluptatem ut odio totam et distinctio aliquam cum.', 5, '2019-02-13 01:02:35', '2019-02-13 01:02:35'),
(52, 184, 'Jacky Runolfsdottir', 'Nihil et dolorem suscipit corrupti et. Suscipit vel et eos sapiente rerum non. Ut occaecati dolores voluptatum repudiandae dolorum. At aut autem tempora laboriosam.', 5, '2019-02-13 01:02:35', '2019-02-13 01:02:35'),
(53, 173, 'Dorcas Lang', 'Ea minima rerum voluptas vero. Et nemo distinctio recusandae sunt nemo suscipit consequatur. Quis non earum ea aut. Modi sit nemo non corporis dolores consequatur provident velit.', 4, '2019-02-13 01:02:35', '2019-02-13 01:02:35'),
(54, 120, 'Prof. Kelvin Schulist', 'Voluptatibus corporis molestias quia itaque aspernatur. Nemo expedita ut repellendus aut vel veniam. Sit suscipit eaque quia consequatur. Commodi fugit id dolor voluptas quos.', 5, '2019-02-13 01:02:35', '2019-02-13 01:02:35'),
(55, 267, 'Marina Heathcote', 'Explicabo natus quas in. Illo aut molestiae voluptatibus sint aspernatur est laborum voluptatem. Vitae sint voluptas quo. Enim eos eos maxime vel quia.', 0, '2019-02-13 01:02:35', '2019-02-13 01:02:35'),
(56, 119, 'Maurice Senger', 'Praesentium aut pariatur aut maxime officia. Amet reiciendis ea accusantium consectetur modi maiores. Voluptas facere fuga velit dolor et soluta odit nobis.', 2, '2019-02-13 01:02:35', '2019-02-13 01:02:35'),
(57, 2, 'Melisa Schmitt', 'Blanditiis sed minus a voluptas sed. Odio inventore ut aliquam eos debitis a reiciendis. Magni distinctio quos in autem fugit animi quod. Ut rem voluptatem tempore. Tempora assumenda ex non doloribus quia.', 0, '2019-02-13 01:02:35', '2019-02-13 01:02:35'),
(58, 122, 'Addison Koelpin', 'Iusto modi et et. Praesentium ea magnam voluptas non sed. Rerum ut perferendis est ullam minus non ducimus. Qui porro magnam quis quaerat animi esse sit recusandae.', 3, '2019-02-13 01:02:35', '2019-02-13 01:02:35'),
(59, 285, 'Miss Burnice Kunde DDS', 'Dolores autem et aut error non quos. Quaerat similique animi ullam ratione aut. Autem cupiditate voluptatem aut vel minima. Nesciunt voluptatum quo repellat.', 2, '2019-02-13 01:02:36', '2019-02-13 01:02:36'),
(60, 170, 'Willy Powlowski IV', 'Sit aut eum sint rem occaecati. Et commodi sed placeat est odit consectetur ipsam. Animi quo maxime earum aliquid quae fugit labore et.', 2, '2019-02-13 01:02:36', '2019-02-13 01:02:36'),
(61, 101, 'Dr. Jerry Ondricka', 'Quod odio sint voluptatem inventore accusamus sit officia pariatur. Et quae autem et qui animi dolor fugit. Pariatur fuga pariatur ducimus nihil suscipit accusamus eaque. Provident et consectetur ex.', 0, '2019-02-13 01:02:36', '2019-02-13 01:02:36'),
(62, 201, 'Ms. Vicky Reynolds', 'Qui itaque temporibus quo impedit omnis commodi est eum. Doloribus delectus aut molestiae minima aspernatur. Occaecati culpa quia ea laborum inventore earum et. Tenetur molestiae sit quidem et sapiente magnam.', 2, '2019-02-13 01:02:36', '2019-02-13 01:02:36'),
(63, 292, 'Prof. Akeem Kuvalis', 'Deleniti nesciunt aut dicta eum necessitatibus praesentium temporibus quasi. At deleniti doloribus libero deserunt sed. Qui porro ipsam nihil ut. Tempore sit nisi rem sequi.', 0, '2019-02-13 01:02:36', '2019-02-13 01:02:36'),
(64, 235, 'Toby Kuhic', 'Cumque maiores dicta quam voluptatum. Delectus aut quaerat dolores et placeat.', 1, '2019-02-13 01:02:36', '2019-02-13 01:02:36'),
(65, 272, 'Alene Wilderman DVM', 'Quae eum animi debitis alias. Officiis esse sapiente libero est iusto deserunt vel. Fugiat voluptatem corporis vel incidunt sunt minus. Aspernatur enim repudiandae molestias molestiae rerum quia ipsam.', 5, '2019-02-13 01:02:36', '2019-02-13 01:02:36'),
(66, 108, 'Ms. Glenda Kovacek IV', 'Cumque in fugiat blanditiis id quia. Occaecati aperiam eligendi velit qui facilis velit possimus. Suscipit corporis vel consectetur quisquam sit architecto.', 1, '2019-02-13 01:02:36', '2019-02-13 01:02:36'),
(67, 131, 'Roberto Bashirian DDS', 'In hic enim dolorum consequatur enim doloribus. Perferendis cumque est voluptas quisquam eveniet occaecati eos. Laborum dolor voluptas non et enim occaecati. Odio totam cupiditate voluptas maxime velit qui nesciunt autem.', 3, '2019-02-13 01:02:36', '2019-02-13 01:02:36'),
(68, 218, 'Mrs. Heloise Adams', 'Eveniet ab eveniet numquam quis reiciendis autem. Ut eos quia autem laboriosam ut. Culpa rem quisquam nihil assumenda autem veritatis. Rerum aliquam nobis ullam est voluptatum ut qui id.', 2, '2019-02-13 01:02:36', '2019-02-13 01:02:36'),
(69, 202, 'Grady Rice DVM', 'Ducimus qui autem sed explicabo ab quae sed. Aut sapiente velit ipsa aut. Eum tempore veniam repudiandae exercitationem et ratione inventore. Consequuntur deleniti nemo quae laboriosam et in quas.', 1, '2019-02-13 01:02:36', '2019-02-13 01:02:36'),
(70, 242, 'Prof. Leo Balistreri DVM', 'Fugit at officiis cupiditate alias. Consequuntur ut vel aliquid possimus quo.', 1, '2019-02-13 01:02:36', '2019-02-13 01:02:36'),
(71, 262, 'Esmeralda Little', 'Dolor accusantium impedit odit exercitationem quia et. Cum blanditiis eius doloribus debitis omnis. Vitae veritatis ullam officia impedit ut aut in. Occaecati ullam et quidem impedit.', 5, '2019-02-13 01:02:36', '2019-02-13 01:02:36'),
(72, 206, 'Sofia Wolf', 'Sit consequatur consequuntur natus rerum qui voluptas itaque. Ipsum saepe praesentium illo eius sit saepe rem. Quos blanditiis beatae facere fuga consequuntur commodi. Tempora dolor exercitationem et. Omnis aperiam in tenetur ut placeat.', 0, '2019-02-13 01:02:36', '2019-02-13 01:02:36'),
(73, 265, 'Augustine Goyette', 'Nam velit amet dolorem amet et. Ab tenetur sed ut ducimus et. Saepe molestias quam voluptates sed. Vero eaque aut voluptas beatae.', 2, '2019-02-13 01:02:36', '2019-02-13 01:02:36'),
(74, 259, 'Dr. Eldon Langworth', 'Eligendi expedita perferendis consequatur. A quos ullam eius et similique facere id.', 2, '2019-02-13 01:02:36', '2019-02-13 01:02:36'),
(75, 96, 'Shana Runte', 'Qui alias nostrum sit tempore aliquid. Nobis sapiente rem quo iure. Porro nam eos unde eius ducimus aut. Non tenetur eos voluptas alias consequatur earum.', 0, '2019-02-13 01:02:36', '2019-02-13 01:02:36'),
(76, 246, 'Billy Christiansen', 'In deserunt sed et ea velit id. Ut soluta soluta qui nihil hic. Explicabo corrupti incidunt nihil corporis.', 3, '2019-02-13 01:02:36', '2019-02-13 01:02:36'),
(77, 229, 'Cooper Rosenbaum', 'Qui qui optio nesciunt placeat perferendis. Ea debitis iure eligendi veniam dignissimos ullam quaerat. Ducimus nesciunt et eos ullam sit dolorem.', 2, '2019-02-13 01:02:36', '2019-02-13 01:02:36'),
(78, 298, 'Dr. Eli McLaughlin', 'Aut culpa dolorum dolor saepe et. Minima odit dolores aut commodi. Laboriosam maxime nam sed explicabo sed natus.', 3, '2019-02-13 01:02:36', '2019-02-13 01:02:36'),
(79, 163, 'Dell Berge Sr.', 'Consequatur ullam placeat ipsa animi doloribus quod. Est possimus possimus atque est voluptate et. Dignissimos possimus quia hic dicta in soluta ut. Iste soluta asperiores id in aperiam vero.', 2, '2019-02-13 01:02:37', '2019-02-13 01:02:37'),
(80, 39, 'Misael Lang', 'Fuga error voluptatem non error rerum corrupti dolores velit. Quia quia et quaerat et nobis ipsam nihil. Architecto est hic ipsam occaecati sed quam. Quo qui quia consequatur ipsa beatae rerum.', 3, '2019-02-13 01:02:37', '2019-02-13 01:02:37'),
(81, 100, 'Will O\'Reilly', 'Mollitia ab qui nobis laudantium minus tenetur. Quia inventore odit iste sint. Sint sed sed aliquam saepe. Recusandae totam nostrum fuga esse eligendi eligendi.', 3, '2019-02-13 01:02:37', '2019-02-13 01:02:37'),
(82, 2, 'Ricky Schamberger Sr.', 'Voluptates voluptatem debitis sed. Ullam maiores ut aut aut. Error ipsam fuga rerum delectus. Porro cum inventore et molestiae quae est.', 2, '2019-02-13 01:02:37', '2019-02-13 01:02:37'),
(83, 106, 'Dr. Conor Bradtke I', 'Ipsam quo enim nemo dolor labore iste. Minima aperiam vel quia id dolores. Maiores autem et ut aut accusantium dolores unde.', 4, '2019-02-13 01:02:37', '2019-02-13 01:02:37'),
(84, 299, 'Vince DuBuque', 'Voluptatum numquam mollitia voluptatem. Perspiciatis omnis officia quia sit non temporibus. Qui nulla et aut nesciunt doloremque inventore natus. Sapiente tenetur ipsum ea ratione placeat.', 1, '2019-02-13 01:02:37', '2019-02-13 01:02:37'),
(85, 208, 'Stanley Wilkinson III', 'Natus qui et vero. Non sequi autem quisquam alias eaque. Corporis hic dolor nihil ea sed. Minus quia quia ut at et.', 4, '2019-02-13 01:02:37', '2019-02-13 01:02:37'),
(86, 242, 'Dr. Manuel Mills I', 'Qui laboriosam voluptas ea tempora consectetur rem commodi quae. Sapiente in magnam asperiores explicabo. Magnam vero qui rerum repudiandae quo possimus.', 1, '2019-02-13 01:02:37', '2019-02-13 01:02:37'),
(87, 26, 'Dr. Alfred Ortiz II', 'Vero est enim placeat quaerat eos quasi voluptatem. Cum eius dolores rerum voluptatibus aliquid sint qui quam. Laudantium minus nulla et doloremque quaerat veritatis eveniet.', 3, '2019-02-13 01:02:37', '2019-02-13 01:02:37'),
(88, 32, 'Mr. Deshaun Labadie IV', 'Assumenda dolorum reiciendis dolores officia eos. Odio quis rem velit aut ratione illo. Ut tenetur repudiandae assumenda voluptatibus et provident voluptatem. Eligendi amet qui voluptas commodi quibusdam.', 1, '2019-02-13 01:02:37', '2019-02-13 01:02:37'),
(89, 139, 'Dr. Maxie Nikolaus', 'Magnam atque eum qui aut odit. Voluptatem aperiam culpa porro perferendis. Atque quo consectetur ipsum qui officia.', 1, '2019-02-13 01:02:37', '2019-02-13 01:02:37'),
(90, 106, 'Royal Flatley Jr.', 'Consequatur rerum qui ipsam incidunt debitis. Sapiente vel ut ipsa. Ea qui quas molestiae sint inventore et sed. Rerum est delectus dolorem.', 0, '2019-02-13 01:02:37', '2019-02-13 01:02:37'),
(91, 243, 'Trinity VonRueden', 'Voluptatem ea facere rem sequi exercitationem. Mollitia deleniti rem ipsam ullam. Repellendus recusandae voluptatem molestiae quia.', 1, '2019-02-13 01:02:37', '2019-02-13 01:02:37'),
(92, 208, 'Monserrate Bednar', 'Aut inventore quidem et eum eius minus deleniti. Quod voluptatem fugiat sed ut. A et sapiente mollitia.', 4, '2019-02-13 01:02:37', '2019-02-13 01:02:37'),
(93, 71, 'Bobby Mertz', 'Quia sapiente repellat magni sunt dolorum consequatur. Corrupti est non error mollitia quibusdam ea et. Repellat qui quisquam fugiat quos nemo atque.', 1, '2019-02-13 01:02:37', '2019-02-13 01:02:37'),
(94, 223, 'Estelle Goodwin MD', 'Veritatis doloremque libero voluptatem non vitae perferendis eos. Ut distinctio quia dolorem recusandae tempore. Qui ullam laudantium eaque sed maiores.', 4, '2019-02-13 01:02:37', '2019-02-13 01:02:37'),
(95, 216, 'Bonnie Spencer', 'Quae facere soluta incidunt doloremque non eligendi corporis. Distinctio asperiores cumque omnis. Et quisquam voluptas voluptas tempora quia et.', 0, '2019-02-13 01:02:37', '2019-02-13 01:02:37'),
(96, 89, 'Madonna Lemke', 'Eum illo deserunt eum eum voluptas adipisci. Libero ut exercitationem esse dolor et consequuntur aperiam. Officiis consequuntur vel sit officiis libero. Aliquid eum placeat iusto quae.', 2, '2019-02-13 01:02:37', '2019-02-13 01:02:37'),
(97, 215, 'Leora Sanford', 'Nulla ut fugiat saepe ratione facilis. Pariatur non nam asperiores ea deserunt. Fugiat sit deserunt voluptatem labore doloribus asperiores dolorem. Quasi quasi harum molestias quidem eaque.', 1, '2019-02-13 01:02:37', '2019-02-13 01:02:37'),
(98, 130, 'Sidney Smith', 'Enim pariatur totam provident eius dignissimos laborum quia. In et nemo mollitia aliquid exercitationem eaque sed. Ducimus blanditiis et accusamus quae id suscipit et minima. Nam sit est sapiente explicabo ipsam impedit nam.', 3, '2019-02-13 01:02:37', '2019-02-13 01:02:37'),
(99, 295, 'Myles Hill', 'Officia saepe ea est molestiae a excepturi. Consectetur ut adipisci ea eum nostrum iusto non. Soluta odit repudiandae eos exercitationem perspiciatis illo maxime. Quo sit est aut ea autem consequatur.', 2, '2019-02-13 01:02:37', '2019-02-13 01:02:37'),
(100, 62, 'Landen Schiller', 'Iste nam praesentium aut mollitia error numquam et. Nesciunt commodi vel aliquid quas est provident. Accusamus odio eum nihil ducimus tempora. Id laboriosam voluptas exercitationem commodi ut inventore.', 0, '2019-02-13 01:02:38', '2019-02-13 01:02:38'),
(101, 110, 'Henriette Ferry', 'Tenetur earum ut non sunt. Doloremque sed aut et dolorem esse qui voluptatem tenetur. Ut occaecati qui est numquam voluptatibus minus consequuntur. Minima iusto omnis ipsam odit quia sit eum nostrum.', 0, '2019-02-13 01:02:38', '2019-02-13 01:02:38'),
(102, 11, 'Tod Medhurst I', 'Sed fugit quibusdam sed tempora blanditiis sint aut. Quam ut repellat ut quasi. Molestiae neque ullam cum eos modi laudantium.', 3, '2019-02-13 01:02:38', '2019-02-13 01:02:38'),
(103, 209, 'Prof. Tyrese Eichmann', 'Qui quibusdam saepe a reiciendis. Occaecati quia distinctio quo quod at mollitia. Sunt quia eligendi eligendi non. Sint aut asperiores optio voluptas quisquam enim tempora officiis.', 5, '2019-02-13 01:02:38', '2019-02-13 01:02:38'),
(104, 153, 'Neil Gibson MD', 'Qui nisi repudiandae rem ratione. Qui facere sequi enim quod.', 0, '2019-02-13 01:02:38', '2019-02-13 01:02:38'),
(105, 203, 'Hershel Johnson', 'Adipisci illum pariatur vel eaque sunt magni aperiam corrupti. Iste ullam illum nam mollitia. Est quo aliquam repellendus voluptatibus quo. Corrupti veritatis illo et rerum et.', 0, '2019-02-13 01:02:38', '2019-02-13 01:02:38'),
(106, 185, 'Elvie Gutkowski', 'Quisquam laudantium sed aliquid assumenda dignissimos non. Facere aliquam incidunt iure quibusdam cupiditate saepe. Aperiam qui temporibus animi esse.', 1, '2019-02-13 01:02:38', '2019-02-13 01:02:38'),
(107, 234, 'Christop Stark', 'Accusantium et officiis corporis omnis eaque omnis. Ut deserunt fuga ipsam iure corporis. Repellat temporibus dolore nihil modi ex. Architecto maiores sed nulla deleniti.', 4, '2019-02-13 01:02:38', '2019-02-13 01:02:38'),
(108, 27, 'Iliana Kuhlman', 'Sed et qui consequatur vero error. Eligendi magni ipsam praesentium aspernatur maiores. Sed eaque recusandae corporis illum in. Sed ducimus nulla consequatur facilis facere.', 2, '2019-02-13 01:02:38', '2019-02-13 01:02:38'),
(109, 300, 'Holden Gutkowski', 'Illo blanditiis vel facere in eveniet atque reprehenderit. Totam accusamus excepturi quibusdam dolor enim expedita qui tenetur.', 1, '2019-02-13 01:02:38', '2019-02-13 01:02:38'),
(110, 111, 'Calista Kuhic', 'Suscipit et minus eius ipsum. Recusandae rerum et dolorem qui.', 2, '2019-02-13 01:02:38', '2019-02-13 01:02:38'),
(111, 148, 'Prof. Peggie Hintz III', 'Distinctio voluptatem similique veniam eos expedita. In aut alias quis non ducimus provident et iusto. Dolores tempore non et dolorum saepe.', 2, '2019-02-13 01:02:38', '2019-02-13 01:02:38'),
(112, 6, 'Kristin Murphy', 'Ab incidunt animi dicta ducimus culpa est. Et rem molestiae suscipit occaecati at facere magnam aut. Qui est error voluptas corrupti nam dolor velit aut.', 1, '2019-02-13 01:02:38', '2019-02-13 01:02:38'),
(113, 199, 'Alec Schroeder', 'Qui similique veritatis rem ab ipsam dolorum itaque quae. Autem facilis vitae vel numquam maxime tempora eligendi. Dolor voluptatibus necessitatibus voluptatem sint. Laborum voluptatem nulla ratione inventore unde consequuntur alias.', 1, '2019-02-13 01:02:38', '2019-02-13 01:02:38'),
(114, 89, 'Elroy Gibson', 'Repellat velit sapiente sint qui repellendus culpa. Delectus dolor voluptatibus neque excepturi et pariatur neque. Dolor magnam id et excepturi et. Suscipit facilis corporis nulla ea non et debitis.', 4, '2019-02-13 01:02:38', '2019-02-13 01:02:38'),
(115, 252, 'Issac Glover', 'Quas et dolore officiis deserunt est. Quis et veniam et velit quaerat et. Inventore qui vel eum laudantium.', 5, '2019-02-13 01:02:38', '2019-02-13 01:02:38'),
(116, 163, 'Price Barton DDS', 'At quia aut eligendi labore. Delectus quaerat amet consequatur aut enim ex magni. Voluptatem quia molestias qui officia ipsam. Sapiente distinctio nihil architecto dicta minus non dolores.', 0, '2019-02-13 01:02:39', '2019-02-13 01:02:39'),
(117, 294, 'Selina Parker', 'Eveniet expedita porro est at officia sint repellat voluptatem. Quidem magnam eum ea delectus. Hic maiores et modi nesciunt. Delectus voluptas ratione et magnam aut explicabo.', 2, '2019-02-13 01:02:39', '2019-02-13 01:02:39'),
(118, 246, 'Chris Rempel', 'Inventore voluptatem et libero provident et assumenda. Sint id fuga commodi quam soluta et. Voluptatem quisquam sequi illo aut. Fuga nam tempore aut assumenda perspiciatis aut.', 0, '2019-02-13 01:02:39', '2019-02-13 01:02:39'),
(119, 299, 'Devante Medhurst', 'Aut quas magni velit et. Architecto voluptatem et temporibus aliquam. Quos consectetur excepturi ea culpa beatae fugiat aut.', 3, '2019-02-13 01:02:39', '2019-02-13 01:02:39'),
(120, 129, 'Miss Margarete Doyle', 'Dolorem sit nostrum nulla doloribus tempore quisquam. Quasi expedita molestiae id dolor. Et soluta voluptatibus facilis sint.', 0, '2019-02-13 01:02:39', '2019-02-13 01:02:39'),
(121, 285, 'Idella Hyatt', 'Iure perspiciatis ipsa quasi iusto aut. Dolorem incidunt quibusdam facilis neque distinctio rerum qui. Aut reprehenderit illum minus ad perspiciatis ut voluptatem. Rem praesentium rerum deleniti culpa placeat.', 0, '2019-02-13 01:02:39', '2019-02-13 01:02:39'),
(122, 116, 'Dejah Strosin Jr.', 'Consequatur qui in laborum sint enim. Rerum quidem esse corrupti voluptatem sint. Officia fugit unde beatae mollitia et et ipsa.', 0, '2019-02-13 01:02:39', '2019-02-13 01:02:39'),
(123, 5, 'Mr. Jon Leannon V', 'Et laudantium delectus et ut et. Dolor ad consequatur numquam expedita occaecati. Fugiat iusto ducimus ut ut. Hic illo dolor numquam et.', 2, '2019-02-13 01:02:39', '2019-02-13 01:02:39'),
(124, 66, 'Freida Schuster', 'Optio saepe non optio quod aut sed. Possimus eos quasi molestias est nulla nesciunt. Magni debitis placeat laboriosam ab reprehenderit consectetur quis.', 5, '2019-02-13 01:02:39', '2019-02-13 01:02:39'),
(125, 150, 'Alvis Mayer', 'Qui non iste veniam. Soluta nostrum optio repellendus officiis laboriosam corporis omnis. Sint et fugit iste nemo ipsam perferendis. Et esse cumque doloribus.', 0, '2019-02-13 01:02:39', '2019-02-13 01:02:39'),
(126, 109, 'Kennedy Jakubowski I', 'Velit nam dolor minima fugiat in odit tenetur. Provident aut in quaerat placeat repellendus ducimus. Dolor quidem aspernatur voluptate quae.', 1, '2019-02-13 01:02:39', '2019-02-13 01:02:39'),
(127, 2, 'Kaya Bartoletti DDS', 'Nobis excepturi itaque consequuntur. In laborum totam dicta impedit provident et et. Nemo incidunt nesciunt nostrum aliquid. Qui repellat et tempore reiciendis aperiam enim sed. Est reiciendis tenetur quis aut numquam aut velit fugiat.', 0, '2019-02-13 01:02:39', '2019-02-13 01:02:39'),
(128, 216, 'Amir Kshlerin', 'Enim ratione repudiandae laudantium. Id et unde qui omnis ipsa eius qui.', 4, '2019-02-13 01:02:39', '2019-02-13 01:02:39'),
(129, 285, 'Stephon Heidenreich', 'Expedita non asperiores et cumque id. Laudantium fuga dolorem ea ut voluptatum repellendus. Modi nihil asperiores dolor dolores quibusdam impedit fugiat.', 5, '2019-02-13 01:02:39', '2019-02-13 01:02:39'),
(130, 244, 'Jeffery Lowe V', 'Quia mollitia quod vel placeat maxime voluptatem laudantium. Minima ratione atque impedit et. Nemo voluptatibus tempora corporis.', 1, '2019-02-13 01:02:39', '2019-02-13 01:02:39'),
(131, 168, 'Kevin Heaney', 'Maxime ut porro repudiandae modi. Molestiae non culpa et nobis. Maxime perferendis magnam et consequatur.', 4, '2019-02-13 01:02:39', '2019-02-13 01:02:39'),
(132, 287, 'Fae Bruen I', 'Sint suscipit et explicabo dolores. Iste consequuntur eaque ex ut quis culpa hic aperiam. Aut qui reiciendis doloribus quis rem voluptas.', 3, '2019-02-13 01:02:39', '2019-02-13 01:02:39'),
(133, 2, 'Ocie Lebsack Sr.', 'Quis numquam et ipsum qui voluptatem at. Reprehenderit ut voluptatem repudiandae quisquam. Rem nihil aliquid et explicabo unde molestiae dolor. Itaque sed ut in sunt neque ut qui.', 3, '2019-02-13 01:02:39', '2019-02-13 01:02:39'),
(134, 131, 'Dr. Kristoffer Considine DDS', 'Officiis consequuntur amet dolorem omnis nihil. Autem impedit nihil iste quibusdam odit ipsa. Odio quia est sit sunt ut aut impedit. Atque voluptatem necessitatibus dolor ex et. Dolores dolorum sit quia est corrupti numquam.', 1, '2019-02-13 01:02:40', '2019-02-13 01:02:40'),
(135, 50, 'Amy Cartwright V', 'Totam necessitatibus voluptates sunt animi. Numquam consequuntur asperiores nesciunt. Tempora vel ut assumenda. Veniam nulla nostrum sit ut cupiditate optio in ut.', 2, '2019-02-13 01:02:40', '2019-02-13 01:02:40'),
(136, 254, 'Jerrold Konopelski', 'Omnis iusto dignissimos quis voluptates ullam sunt. In qui quod temporibus dolorem rerum. Veritatis sed facilis error maiores.', 4, '2019-02-13 01:02:40', '2019-02-13 01:02:40'),
(137, 54, 'Elaina Kihn', 'Nulla sit blanditiis omnis minus expedita. Repellendus omnis ab aut officia omnis rerum perspiciatis.', 0, '2019-02-13 01:02:40', '2019-02-13 01:02:40'),
(138, 138, 'Irving Walter', 'Placeat minus sint animi sequi rem incidunt. Id quos magnam voluptatem doloremque harum. Voluptatem sit laudantium est repudiandae eum. Odit eum labore vitae consectetur corporis corrupti.', 5, '2019-02-13 01:02:40', '2019-02-13 01:02:40'),
(139, 152, 'Mr. Albert Jaskolski', 'Nostrum quia non doloremque temporibus. Commodi doloribus eveniet maiores quia animi. Error mollitia molestias veritatis voluptates eveniet reiciendis velit voluptas. Quae accusantium quae similique autem.', 3, '2019-02-13 01:02:40', '2019-02-13 01:02:40'),
(140, 168, 'Conor Goyette', 'Error ducimus eaque beatae. Rerum id eos officiis consectetur voluptatem. Occaecati quia hic cumque non quia sunt sit. Dolorem voluptatem facilis aut eos sit impedit. Qui ipsam consequatur nostrum ut voluptatem ipsum esse.', 1, '2019-02-13 01:02:40', '2019-02-13 01:02:40'),
(141, 137, 'Ms. Mckayla Orn II', 'Commodi maxime sequi voluptates aut iusto commodi. Eum voluptatem praesentium expedita placeat doloremque officiis quo. Expedita voluptatibus necessitatibus earum sequi tempora perferendis sed culpa.', 4, '2019-02-13 01:02:40', '2019-02-13 01:02:40'),
(142, 186, 'Maria Heaney', 'Aut suscipit non alias facilis sit. Ipsam in odio est error nostrum. Eligendi est facilis et nihil.', 4, '2019-02-13 01:02:40', '2019-02-13 01:02:40'),
(143, 71, 'Mae Kertzmann', 'Numquam velit amet temporibus molestiae voluptas. Tempore veniam unde quam cumque nihil quisquam illo. Enim aliquam tempore autem magnam ducimus aut nobis. Ex perspiciatis sit repellat blanditiis.', 0, '2019-02-13 01:02:40', '2019-02-13 01:02:40'),
(144, 264, 'Alberta Tromp DDS', 'Sapiente omnis omnis quia incidunt nesciunt. Nam soluta excepturi cumque voluptatem porro quam. Quidem illo distinctio et. Est quo voluptas iusto vero est.', 1, '2019-02-13 01:02:40', '2019-02-13 01:02:40'),
(145, 246, 'Frederique Mraz', 'Sed at non earum porro quasi. Ipsam quisquam aut facere. Dolorem qui cumque fuga ut nihil sed.', 5, '2019-02-13 01:02:40', '2019-02-13 01:02:40'),
(146, 197, 'Meghan Murazik', 'Dolorem et quas laboriosam quae. Aut est maxime et delectus. Cum omnis sapiente perspiciatis harum.', 0, '2019-02-13 01:02:40', '2019-02-13 01:02:40'),
(147, 269, 'Rocky Trantow I', 'Voluptatibus est iusto qui nihil quo laudantium ad. Molestiae iusto officiis aspernatur aut expedita autem nemo. Dolore id consectetur iste quis aut est maxime est. Et sint voluptatem natus totam sunt aliquam voluptatem.', 0, '2019-02-13 01:02:40', '2019-02-13 01:02:40'),
(148, 164, 'Heber Doyle IV', 'Qui commodi ut eaque dolores aliquam. Sequi voluptas ut eos hic. Itaque veritatis quaerat occaecati eligendi omnis dolorem.', 5, '2019-02-13 01:02:40', '2019-02-13 01:02:40'),
(149, 256, 'Jody Baumbach', 'Voluptate dignissimos voluptatem eos. Corporis explicabo cupiditate et unde. Officiis qui mollitia in ut et numquam.', 3, '2019-02-13 01:02:40', '2019-02-13 01:02:40'),
(150, 166, 'Felix Grimes Jr.', 'Occaecati qui amet voluptatibus doloribus harum ut. Quaerat perspiciatis id qui ex occaecati cum id fuga.', 0, '2019-02-13 01:02:40', '2019-02-13 01:02:40'),
(151, 192, 'Era Hills', 'Dolor at porro non et. Aut porro nisi eum omnis amet odio. Distinctio consequuntur modi dolorem itaque recusandae dolor.', 1, '2019-02-13 01:02:40', '2019-02-13 01:02:40'),
(152, 183, 'Berenice Emard I', 'Quos voluptatum illo quos eaque. Quo eum ut est dicta sapiente. Quibusdam cumque a maiores et quia a.', 4, '2019-02-13 01:02:41', '2019-02-13 01:02:41'),
(153, 222, 'Andy Lockman I', 'Ut ratione sunt nam. Quae dolor aspernatur quis est facere tempore. Dolor laborum voluptatem earum nesciunt. Quasi deleniti velit est fugiat laboriosam.', 3, '2019-02-13 01:02:41', '2019-02-13 01:02:41'),
(154, 41, 'Alene Denesik', 'Aut velit quae et adipisci et. Qui nihil quo error vero quis. Ea iste amet itaque.', 5, '2019-02-13 01:02:41', '2019-02-13 01:02:41'),
(155, 136, 'Aidan Gottlieb', 'Delectus assumenda placeat quasi asperiores. Sit nostrum ut voluptas beatae dolorem eos. Porro dignissimos minima labore consectetur eligendi est consequatur ad.', 5, '2019-02-13 01:02:41', '2019-02-13 01:02:41'),
(156, 3, 'Nat Murphy', 'Quibusdam cum exercitationem voluptas qui delectus repudiandae quo. Et ipsam eligendi et praesentium. Quis accusamus quam placeat et. Illum qui commodi dignissimos et.', 0, '2019-02-13 01:02:41', '2019-02-13 01:02:41'),
(157, 209, 'Otto Reinger', 'Sit unde enim sint aut maiores cupiditate. Rem in et accusamus quia alias impedit sed nihil. Voluptate odit consequuntur nihil suscipit adipisci.', 3, '2019-02-13 01:02:41', '2019-02-13 01:02:41'),
(158, 238, 'Selina Weber', 'Alias beatae nobis nobis doloremque libero hic in. Atque eaque quia ut necessitatibus et quibusdam. Placeat quasi tempore voluptatem aperiam non. Occaecati eum aut sit occaecati laborum enim quia.', 3, '2019-02-13 01:02:41', '2019-02-13 01:02:41'),
(159, 81, 'Isai Smitham', 'Voluptatem aut quia voluptas placeat fugit nobis est. Et molestiae tempore molestiae aut.', 5, '2019-02-13 01:02:41', '2019-02-13 01:02:41'),
(160, 159, 'Ms. Calista Ebert DVM', 'Quisquam eos ex et. Cumque exercitationem provident repellat consectetur doloribus ea nihil. Ut aliquam distinctio aspernatur voluptatem aperiam. Quia suscipit repudiandae laboriosam numquam vero et.', 1, '2019-02-13 01:02:41', '2019-02-13 01:02:41'),
(161, 205, 'Rudy Morar Sr.', 'Doloremque eos magnam est aut in. Modi quia laborum earum voluptatem. Sint quae sequi sunt amet architecto.', 3, '2019-02-13 01:02:41', '2019-02-13 01:02:41'),
(162, 290, 'Mya Conroy', 'Quaerat omnis ab consequatur id dolores consequatur inventore. Quasi aut reprehenderit laboriosam error cum nam molestias.', 5, '2019-02-13 01:02:41', '2019-02-13 01:02:41'),
(163, 137, 'Herman Willms', 'Sit est iusto sed distinctio quo voluptas suscipit distinctio. Dolor sapiente autem quia placeat. Corrupti distinctio enim aut iste voluptatem.', 3, '2019-02-13 01:02:41', '2019-02-13 01:02:41'),
(164, 239, 'Mr. Greg Lakin IV', 'Molestiae omnis architecto sequi ut sequi nihil. Explicabo facilis libero voluptas. Ipsa mollitia quia nihil est debitis rerum quis accusamus.', 2, '2019-02-13 01:02:41', '2019-02-13 01:02:41'),
(165, 40, 'Gabriel Gorczany PhD', 'Voluptas ipsum dolores dicta. Commodi rerum aut voluptatem dolor illum. Ratione et corporis omnis odio est. Omnis rerum reprehenderit veritatis et.', 4, '2019-02-13 01:02:41', '2019-02-13 01:02:41'),
(166, 105, 'Marvin Toy Jr.', 'Aliquam ut officia nam eos voluptas cupiditate. Consequuntur fugiat eum voluptas rerum velit. Eos explicabo sunt voluptate ullam tempora sit minima. Eos nam aut laudantium praesentium quae.', 4, '2019-02-13 01:02:41', '2019-02-13 01:02:41'),
(167, 293, 'Brielle Green', 'Consequatur dolores in voluptatem et cumque. Voluptatem ad occaecati et et.', 3, '2019-02-13 01:02:41', '2019-02-13 01:02:41'),
(168, 255, 'Brannon Crooks', 'Quos non harum illo eveniet nihil et. Qui nobis ut laborum qui ea praesentium. Magnam sed quasi et qui quae unde.', 4, '2019-02-13 01:02:41', '2019-02-13 01:02:41'),
(169, 88, 'Roma Douglas', 'Impedit cum et laudantium quo maiores. Ex eum qui ut aut et quae ut. Animi corporis minus ut laudantium dolorum placeat est. Necessitatibus impedit repudiandae enim id non facere veniam.', 2, '2019-02-13 01:02:41', '2019-02-13 01:02:41'),
(170, 272, 'Dr. Javon Boyle', 'Ut reprehenderit nisi occaecati voluptas maiores sed est. Unde sit qui cupiditate quisquam necessitatibus. Excepturi odit reiciendis error quibusdam at ut ex error. Aliquid molestiae et vel est architecto nostrum.', 0, '2019-02-13 01:02:41', '2019-02-13 01:02:41'),
(171, 104, 'Mrs. Matilde Johnston', 'Sequi quisquam tempora culpa est velit. Dolores et eaque totam quae assumenda ullam iusto. Autem necessitatibus molestias voluptate molestiae.', 1, '2019-02-13 01:02:41', '2019-02-13 01:02:41'),
(172, 186, 'Maximo Harber', 'Aut commodi eum enim impedit beatae accusamus. Ad pariatur sequi qui laboriosam odio eos ea. Rerum incidunt magni culpa autem vel. Quis consequatur consectetur ut saepe blanditiis. Molestias unde non consequuntur eius pariatur veritatis dolores.', 1, '2019-02-13 01:02:41', '2019-02-13 01:02:41'),
(173, 4, 'Arlo Sauer', 'Officiis ipsum error inventore est et. Dolor doloribus omnis facilis placeat voluptatibus. Esse adipisci officia fuga aliquam. Esse recusandae accusamus reiciendis perspiciatis. Quod harum non id consectetur id nesciunt iure.', 1, '2019-02-13 01:02:41', '2019-02-13 01:02:41'),
(174, 15, 'Prof. Lisandro McCullough III', 'Sed deleniti dolores eos reprehenderit repellendus tempore dicta accusantium. Asperiores veniam delectus autem ex culpa omnis asperiores. Dolorem culpa qui sequi eligendi.', 3, '2019-02-13 01:02:41', '2019-02-13 01:02:41'),
(175, 120, 'Gust Heller', 'Et facere ea et nesciunt. Beatae est natus quasi recusandae aspernatur. Iure rem aliquam quia dolor. Tempora nihil labore officia in beatae. Consequatur id nihil alias.', 3, '2019-02-13 01:02:42', '2019-02-13 01:02:42'),
(176, 68, 'Felicia Buckridge', 'Provident magni eligendi labore expedita dicta cumque quo. Omnis adipisci ad similique nesciunt nemo sunt consectetur. Vitae inventore et quam provident dicta quia quia possimus. Dolorum molestias excepturi totam est. Qui possimus a iste consequatur impedit cupiditate itaque quasi.', 1, '2019-02-13 01:02:42', '2019-02-13 01:02:42'),
(177, 268, 'Jermey Herzog', 'Voluptas voluptas laudantium itaque occaecati corrupti fugiat neque. Dolores minima optio illo qui. Eum et dolor temporibus sed aliquam ut.', 2, '2019-02-13 01:02:42', '2019-02-13 01:02:42'),
(178, 196, 'Pedro Weissnat', 'Aut ut vitae est cumque aut. Est tempore dolores est dolor. Architecto magni eos corporis unde. Velit veniam porro consequuntur.', 3, '2019-02-13 01:02:42', '2019-02-13 01:02:42'),
(179, 71, 'Joel Lubowitz', 'Est officia iusto ab architecto. In assumenda aut atque delectus in. Est fugit modi optio tempora. Consectetur aut neque eos et.', 5, '2019-02-13 01:02:42', '2019-02-13 01:02:42'),
(180, 123, 'Ryan Feil', 'Quas soluta rerum dolores ad praesentium rerum. Magnam voluptates libero aliquid illo odit repellat. Animi qui adipisci perspiciatis omnis molestiae. Quia nobis praesentium pariatur deserunt ullam explicabo earum.', 1, '2019-02-13 01:02:42', '2019-02-13 01:02:42'),
(181, 167, 'Dr. Arturo Schiller', 'Et ullam nulla nihil et consequatur. Sit enim eius at modi. Error facere ut autem aut quaerat vel voluptatem quis. Expedita occaecati consequatur nesciunt possimus.', 4, '2019-02-13 01:02:42', '2019-02-13 01:02:42'),
(182, 101, 'Mr. Vance Murray IV', 'Dolore quo ratione ipsa animi. Fugit beatae quasi ratione voluptates. Sed explicabo fuga maxime sit. Quia deserunt iste officiis ut nostrum. Omnis exercitationem dolor repudiandae quo sit reprehenderit non alias.', 2, '2019-02-13 01:02:42', '2019-02-13 01:02:42'),
(183, 179, 'Dr. Curt Turner I', 'Qui quis soluta et praesentium est facilis tenetur. Rerum rerum et culpa necessitatibus. Velit modi doloremque non deleniti.', 5, '2019-02-13 01:02:42', '2019-02-13 01:02:42'),
(184, 122, 'Romaine Gusikowski', 'Facilis quia reiciendis itaque voluptatem deserunt et. Iste soluta quae eius totam ipsum saepe.', 5, '2019-02-13 01:02:42', '2019-02-13 01:02:42'),
(185, 76, 'Stanton Will MD', 'Sequi mollitia unde quo aut commodi quo. Impedit excepturi occaecati aut laboriosam eum quo. In temporibus illum asperiores quia voluptate.', 3, '2019-02-13 01:02:42', '2019-02-13 01:02:42'),
(186, 235, 'Jayden Reilly', 'Voluptatibus perspiciatis accusantium autem libero quia quia ut. Accusantium fugiat quisquam ducimus hic explicabo.', 5, '2019-02-13 01:02:42', '2019-02-13 01:02:42'),
(187, 205, 'Yadira Schiller', 'Quia ut quia quia dignissimos corporis. Blanditiis et quasi ratione quia quasi.', 2, '2019-02-13 01:02:42', '2019-02-13 01:02:42'),
(188, 102, 'Josue Koss MD', 'Animi enim placeat iusto quia fuga et eos. Numquam a dicta velit et suscipit fugiat repellat. Quaerat sit minus aut odio reiciendis.', 3, '2019-02-13 01:02:42', '2019-02-13 01:02:42'),
(189, 279, 'Dr. Eulah Smitham III', 'Tempore debitis ut sit velit accusantium sunt. Laudantium reprehenderit non in dolore dicta dolorum sit illo. Blanditiis iste veritatis atque sapiente non cupiditate dolore. Aut dolore autem modi explicabo occaecati assumenda exercitationem.', 3, '2019-02-13 01:02:42', '2019-02-13 01:02:42'),
(190, 78, 'Oswaldo Kunde', 'Magnam eum ex hic consequatur. Corporis natus inventore magni. Illum sit occaecati aspernatur consectetur soluta dolores odit. Vel eaque accusamus voluptatem possimus quibusdam dolorum et.', 0, '2019-02-13 01:02:42', '2019-02-13 01:02:42'),
(191, 13, 'Miss Ada Trantow', 'Ut facilis explicabo ut odit culpa asperiores repudiandae sed. Fugiat eveniet et autem. Qui ullam repudiandae numquam est quis qui laboriosam minus. Aut necessitatibus culpa eius nisi sint consequatur ipsum ex.', 0, '2019-02-13 01:02:43', '2019-02-13 01:02:43'),
(192, 220, 'Sandrine Braun', 'Minima repellat quam excepturi ipsam aut adipisci. Aut maiores eligendi dolores aut quod. Fugit tempore quae odio aut reiciendis.', 4, '2019-02-13 01:02:43', '2019-02-13 01:02:43'),
(193, 292, 'Mrs. Belle Kirlin II', 'In perspiciatis repellat ut sint voluptas rerum earum. Quia molestias iste voluptatum eius velit. Nihil eius id pariatur. Magnam earum vel a necessitatibus ipsa repellendus distinctio. Nihil rerum adipisci quo qui qui aut repudiandae quos.', 4, '2019-02-13 01:02:43', '2019-02-13 01:02:43'),
(194, 113, 'Prof. Kamron Grimes PhD', 'Doloribus aspernatur necessitatibus quo laboriosam. Porro fuga quas eligendi pariatur dolor enim odio. Adipisci expedita ut molestiae eius.', 4, '2019-02-13 01:02:43', '2019-02-13 01:02:43'),
(195, 232, 'Josianne Monahan II', 'Ea accusamus vel qui voluptas consectetur dolores. Cum repellendus omnis quia vel dolor molestiae explicabo. Iure vel qui cumque. Consectetur nobis qui ducimus nostrum numquam ad iusto.', 4, '2019-02-13 01:02:43', '2019-02-13 01:02:43'),
(196, 108, 'Mr. Kristoffer McLaughlin', 'Illo omnis optio sint ut. Ducimus architecto dolor ea dolor doloribus sunt.', 1, '2019-02-13 01:02:43', '2019-02-13 01:02:43'),
(197, 198, 'Marisol Dicki II', 'Voluptas neque ut illo eos. Dolores voluptatum molestiae harum est. Laudantium perferendis modi debitis ipsa officia autem.', 3, '2019-02-13 01:02:43', '2019-02-13 01:02:43'),
(198, 100, 'Kellen Lynch', 'Consectetur vel enim aperiam tempore et velit. Non sit veritatis tempora sapiente. Quam ducimus libero beatae molestias consequuntur quo totam. Eius id ea fugit autem quibusdam voluptas eaque. Dolor tenetur libero accusantium.', 2, '2019-02-13 01:02:43', '2019-02-13 01:02:43'),
(199, 113, 'Kaelyn O\'Keefe', 'Quo assumenda quis et. Qui ullam voluptatem voluptatum. Velit sed recusandae omnis velit occaecati error sapiente. Mollitia molestiae cupiditate magnam impedit. Vel totam sint aliquam dignissimos delectus.', 0, '2019-02-13 01:02:43', '2019-02-13 01:02:43'),
(200, 198, 'Bell Beahan', 'Libero sunt voluptas odio corporis. Ex omnis optio harum cum labore. Quasi consequatur ut laboriosam iste.', 0, '2019-02-13 01:02:43', '2019-02-13 01:02:43'),
(201, 114, 'Prof. Kale Thompson', 'Quod voluptate enim veniam sit autem libero. Voluptas quos voluptas rerum occaecati adipisci enim. Natus eos et corrupti aut magni sapiente eum voluptas.', 2, '2019-02-13 01:02:43', '2019-02-13 01:02:43'),
(202, 254, 'Yadira Ritchie DDS', 'Porro et maiores vel et dolores. Repellendus praesentium et quia in impedit molestiae quasi. Laboriosam modi quaerat ab et vero adipisci voluptate. Asperiores molestiae nihil dolor repudiandae non aperiam. Neque sequi aliquam cumque eaque.', 5, '2019-02-13 01:02:43', '2019-02-13 01:02:43'),
(203, 96, 'Mariela Dietrich', 'Eveniet nesciunt ipsa doloremque rem enim. Qui odit molestiae quia quo. Quo ea voluptatem ratione perspiciatis. Praesentium ut veritatis dolorem.', 0, '2019-02-13 01:02:43', '2019-02-13 01:02:43'),
(204, 274, 'Pat Sawayn', 'Nam tenetur odit et quibusdam incidunt minima aut. Ratione dolorem odit excepturi. Autem odio perferendis velit cumque commodi et vero et.', 3, '2019-02-13 01:02:43', '2019-02-13 01:02:43'),
(205, 140, 'Neal Lehner V', 'Nisi et accusamus et blanditiis pariatur. Quia unde corporis et eaque officia. Sit et unde est voluptatem. Ut non ut quia velit dolor suscipit nihil officiis.', 1, '2019-02-13 01:02:43', '2019-02-13 01:02:43'),
(206, 68, 'Mr. Jack Mills MD', 'Architecto voluptatum tempora odit qui minima et. Cupiditate dolores commodi officiis. Aut cumque enim praesentium voluptatem quidem. Perferendis aspernatur deleniti quis deserunt.', 2, '2019-02-13 01:02:43', '2019-02-13 01:02:43'),
(207, 294, 'Jeremy Hermann', 'Pariatur a saepe sed ratione unde aut quia minima. Molestiae iste ducimus in atque aliquid voluptatum. Vel autem neque qui autem consequatur commodi.', 3, '2019-02-13 01:02:43', '2019-02-13 01:02:43'),
(208, 36, 'Robbie Little', 'Quia cumque autem ad. Veritatis officiis id blanditiis ratione. Omnis sed dolorem cum nihil placeat quia in. Qui excepturi doloremque ea qui consequatur.', 2, '2019-02-13 01:02:43', '2019-02-13 01:02:43'),
(209, 136, 'Raphaelle Mueller II', 'Est dolorum voluptatibus praesentium provident reiciendis veniam. Culpa asperiores ab mollitia cumque quis.', 0, '2019-02-13 01:02:44', '2019-02-13 01:02:44');
INSERT INTO `reviews` (`id`, `product_id`, `customer`, `review`, `star`, `created_at`, `updated_at`) VALUES
(210, 213, 'Ramona Jones', 'Tempora eligendi excepturi sint ullam et. Accusantium voluptatum eligendi accusamus amet ex eos adipisci. Corporis nisi quis nisi sit earum. Amet esse totam voluptatem recusandae fuga.', 3, '2019-02-13 01:02:44', '2019-02-13 01:02:44'),
(211, 189, 'Cristal Zulauf', 'Ducimus consequuntur sit et debitis. Distinctio aut beatae nihil. Autem illum dolor mollitia facilis voluptas aperiam. Nihil suscipit dolor explicabo saepe non laborum.', 4, '2019-02-13 01:02:44', '2019-02-13 01:02:44'),
(212, 243, 'Lamont Morar', 'Officiis et neque numquam sunt eius. Sed aut officiis reiciendis quia nesciunt. Hic omnis et cum libero ut. Sit non sit in est veniam. Qui fugit velit fugiat non est consequuntur repellendus.', 4, '2019-02-13 01:02:44', '2019-02-13 01:02:44'),
(213, 172, 'Mr. Norris Kozey', 'Suscipit aut doloremque ipsa earum aut quia. Asperiores sit est et blanditiis et repudiandae. Ducimus odit ut omnis qui exercitationem sunt. Adipisci et quis commodi dolores.', 1, '2019-02-13 01:02:44', '2019-02-13 01:02:44'),
(214, 269, 'Micaela Lubowitz', 'Aliquid dolorem sapiente ipsum nobis possimus corporis labore. Nostrum officia vitae autem exercitationem eligendi ratione placeat. Voluptatem deleniti ab eaque nihil. Exercitationem debitis et minima sed nisi voluptate.', 5, '2019-02-13 01:02:44', '2019-02-13 01:02:44'),
(215, 149, 'Deborah Goyette', 'Inventore aut qui ipsa nostrum maxime eligendi veniam. Sed quam dolor voluptates voluptatum necessitatibus aut quo. Sint earum aut est nisi fugiat fuga.', 4, '2019-02-13 01:02:44', '2019-02-13 01:02:44'),
(216, 19, 'Payton Cremin', 'Labore voluptas sed molestiae dolor. Ducimus qui et laboriosam. Provident aut tempora quod sed numquam molestiae saepe et. Et suscipit sunt qui est dolorem omnis est.', 5, '2019-02-13 01:02:44', '2019-02-13 01:02:44'),
(217, 185, 'Derrick Tromp', 'Est aut officiis similique consequatur et. Ipsa magnam similique autem fugit beatae. Debitis at suscipit animi iste.', 3, '2019-02-13 01:02:44', '2019-02-13 01:02:44'),
(218, 156, 'Mauricio Murray', 'Voluptatem accusantium qui illo nostrum. Magnam saepe eveniet assumenda velit natus voluptatem. Voluptatem dolores necessitatibus sapiente et. Molestiae facere rerum aut cumque expedita quo.', 4, '2019-02-13 01:02:44', '2019-02-13 01:02:44'),
(219, 73, 'Roberta Kshlerin', 'Inventore enim maiores suscipit ut vel deserunt dolores. Error qui repudiandae in. Est magni deleniti quis est nesciunt qui rerum.', 4, '2019-02-13 01:02:44', '2019-02-13 01:02:44'),
(220, 241, 'Ms. Cathrine Ferry', 'Aut qui enim tenetur nostrum voluptatibus quia. Voluptatem sed doloribus perferendis odit aut voluptas. Nam quas ea aut maiores a est.', 0, '2019-02-13 01:02:44', '2019-02-13 01:02:44'),
(221, 283, 'Parker Wiza', 'Dolore ut dicta nemo debitis. Optio iure qui natus consequatur ab molestiae minima ad. Ut et placeat ad facere ut. Ut aut quia ut blanditiis cum.', 3, '2019-02-13 01:02:44', '2019-02-13 01:02:44'),
(222, 263, 'Myron Luettgen', 'Molestias aspernatur ducimus officiis deleniti nulla. Saepe odit ea occaecati voluptatem autem sit odit. Dolor voluptas id omnis nulla exercitationem similique. Et voluptate aut dolorem modi iste nobis.', 5, '2019-02-13 01:02:44', '2019-02-13 01:02:44'),
(223, 270, 'Lucius Stehr', 'Ut quis et nesciunt exercitationem eius itaque. Culpa hic saepe illum et accusantium veritatis quam. Odio corporis et cupiditate est.', 3, '2019-02-13 01:02:45', '2019-02-13 01:02:45'),
(224, 158, 'Prof. Shad Connelly I', 'Repudiandae neque tempora et. Asperiores sapiente quis quis sed. Officia et eius repudiandae porro vel non. Maiores non magni voluptas nihil quae asperiores.', 1, '2019-02-13 01:02:45', '2019-02-13 01:02:45'),
(225, 231, 'Ms. Esmeralda Schroeder V', 'Eos numquam et distinctio facere. Debitis officia deserunt mollitia ratione saepe sit. Facere possimus perferendis qui doloremque officia quam sit.', 5, '2019-02-13 01:02:45', '2019-02-13 01:02:45'),
(226, 248, 'Prudence Mayer', 'Cum adipisci quibusdam eos ea soluta odit voluptas. Et sit sit consequatur voluptatem eum explicabo molestiae. Corporis voluptates soluta at facilis consectetur. Neque perferendis aperiam praesentium nisi.', 3, '2019-02-13 01:02:45', '2019-02-13 01:02:45'),
(227, 129, 'Ms. Helen Heidenreich MD', 'Harum et error in. Voluptatem officiis quia necessitatibus ratione excepturi. Quia error ut minima minus.', 5, '2019-02-13 01:02:45', '2019-02-13 01:02:45'),
(228, 32, 'Prince Lehner', 'Aut earum fuga quas quos aliquid. Porro neque asperiores possimus laudantium ipsa ipsum. Id omnis quia at nihil nihil ipsum quod. Dolore odio magnam quo qui ducimus molestias nihil ut.', 3, '2019-02-13 01:02:45', '2019-02-13 01:02:45'),
(229, 267, 'Mr. Gregg Kemmer III', 'Eum illo corrupti facere debitis aut consequuntur eligendi. Qui enim praesentium repellat aut adipisci. Quidem atque et quia eum aut temporibus eos. Est eaque alias dolorem officia nobis hic mollitia aut.', 3, '2019-02-13 01:02:45', '2019-02-13 01:02:45'),
(230, 242, 'Prof. Clemmie Jacobson', 'Asperiores quia totam animi. Aliquam porro voluptate amet cumque ut quas veritatis. Nulla earum necessitatibus placeat sit. Non quidem necessitatibus ut explicabo.', 1, '2019-02-13 01:02:45', '2019-02-13 01:02:45'),
(231, 135, 'Catalina O\'Kon', 'Veniam autem in itaque pariatur explicabo non distinctio. Ut voluptatem quaerat facilis voluptas. Et voluptas sint vitae quisquam ipsa.', 1, '2019-02-13 01:02:45', '2019-02-13 01:02:45'),
(232, 21, 'Jermey Treutel', 'Dolore nemo et laboriosam quia est. Asperiores temporibus ratione impedit magni aut consequatur. Illo dolorum quibusdam et autem.', 1, '2019-02-13 01:02:45', '2019-02-13 01:02:45'),
(233, 192, 'Miss Aylin Nader PhD', 'Nihil quod voluptate ipsa officiis cupiditate consequatur. Ab eos voluptatem et incidunt sint id commodi dolores. Omnis aliquid dignissimos illum error vero omnis voluptatem. Ut vitae voluptas officiis eveniet possimus quas.', 1, '2019-02-13 01:02:45', '2019-02-13 01:02:45'),
(234, 221, 'Mrs. Harmony Wisozk', 'Neque vero recusandae voluptas libero aut neque. Est consequuntur ab nesciunt odio quibusdam provident minima minus.', 3, '2019-02-13 01:02:45', '2019-02-13 01:02:45'),
(235, 281, 'Lenora Murray', 'Voluptas aut omnis a minus dolor ullam quis. Est quia sint in id. Totam est voluptas ab sapiente nemo accusamus. Iste molestiae fugiat laudantium odio blanditiis voluptas.', 5, '2019-02-13 01:02:46', '2019-02-13 01:02:46'),
(236, 251, 'Dr. Jeromy Nienow I', 'Nihil officiis et velit et et facere praesentium similique. Ratione et in amet sunt reiciendis corporis molestiae. Occaecati qui et in vero aliquid excepturi quis. Iure eos dolore aut animi libero aliquid nemo architecto.', 2, '2019-02-13 01:02:46', '2019-02-13 01:02:46'),
(237, 268, 'Ebony Raynor', 'Animi rerum tempore soluta mollitia pariatur nemo officiis. Praesentium sed qui quis quis alias. Enim eos autem maiores illo cumque debitis distinctio. Natus sint ut quia. Minus aut neque quis.', 3, '2019-02-13 01:02:46', '2019-02-13 01:02:46'),
(238, 234, 'Earl Yundt', 'Excepturi enim praesentium ratione commodi quis. Aut distinctio saepe vel omnis quod iusto. Sed illo consequatur vel vel aut et vel.', 4, '2019-02-13 01:02:46', '2019-02-13 01:02:46'),
(239, 60, 'Makenzie Johnston', 'Qui autem quia omnis consequuntur omnis at sunt. Facilis culpa a et sed ipsa. Sint et id cupiditate.', 1, '2019-02-13 01:02:46', '2019-02-13 01:02:46'),
(240, 288, 'Rosanna Hyatt', 'Exercitationem sit sapiente ea est aliquam. Mollitia optio non repellendus voluptatem. Asperiores quo eveniet sit voluptatibus enim necessitatibus. Sint et voluptate quo sint voluptas magnam hic.', 3, '2019-02-13 01:02:46', '2019-02-13 01:02:46'),
(241, 212, 'Arnaldo Powlowski DDS', 'Quod ut velit deleniti blanditiis minus. Sint debitis est soluta ducimus quis fuga ut veniam. Unde iusto placeat ipsa quis expedita esse libero.', 2, '2019-02-13 01:02:46', '2019-02-13 01:02:46'),
(242, 298, 'Enola Schamberger', 'Repellendus voluptas nisi fuga labore veniam dolor quia. Est aperiam maxime molestiae consequatur veniam accusantium iure omnis. Eaque dignissimos sed officiis autem. Nesciunt asperiores molestiae eos assumenda excepturi expedita dolorum modi.', 3, '2019-02-13 01:02:46', '2019-02-13 01:02:46'),
(243, 69, 'Ilene Rath', 'Odio omnis ducimus amet animi. Suscipit quia impedit quidem dolores.', 5, '2019-02-13 01:02:46', '2019-02-13 01:02:46'),
(244, 130, 'Lera Kunze', 'Est et ad hic et ut voluptates. Numquam aut nihil ex excepturi modi magnam sed. Et ut qui alias ad.', 3, '2019-02-13 01:02:46', '2019-02-13 01:02:46'),
(245, 76, 'Rosario Grady', 'Ipsa excepturi quis tempore alias. Et sunt sint illo vitae officiis. Dolore in quia enim ducimus placeat ut inventore.', 3, '2019-02-13 01:02:46', '2019-02-13 01:02:46'),
(246, 86, 'Ludie Smitham', 'Tempore asperiores odit labore modi velit dolores labore. Aut magnam fugiat ad nam iure consequatur. Fugiat illum explicabo nihil voluptate molestias veniam unde. Tenetur repellat voluptas laborum voluptates.', 1, '2019-02-13 01:02:46', '2019-02-13 01:02:46'),
(247, 20, 'Katrine Gulgowski', 'A odit optio accusantium doloremque incidunt unde. Dicta sunt perferendis in beatae quaerat facere. Voluptatum aliquam blanditiis possimus ad porro aut quia. Laboriosam magni quo non iure eligendi praesentium ut.', 1, '2019-02-13 01:02:46', '2019-02-13 01:02:46'),
(248, 67, 'Ezequiel Wolf MD', 'Qui qui dicta et harum sed amet. Totam voluptate laboriosam beatae quasi aut. Laboriosam ducimus non earum eveniet molestiae. Dignissimos nisi numquam voluptates dolor corporis.', 2, '2019-02-13 01:02:46', '2019-02-13 01:02:46'),
(249, 40, 'Kira Hagenes', 'Non aut itaque sit dolore minus eius qui. Dolores qui similique voluptatem qui. Atque necessitatibus excepturi nostrum facilis voluptatem voluptatem voluptatem consequatur.', 0, '2019-02-13 01:02:46', '2019-02-13 01:02:46'),
(250, 300, 'Prof. Bailey Daniel II', 'Enim nulla reprehenderit ut facilis adipisci. Ex quia sed a perspiciatis debitis quis rerum consequuntur. Dolorem officiis et cupiditate qui consequuntur necessitatibus repudiandae. Molestias ut reiciendis dolorem dignissimos libero doloribus dolor.', 3, '2019-02-13 01:02:46', '2019-02-13 01:02:46'),
(251, 140, 'Marianne Towne', 'Id mollitia sed magnam accusamus. Laborum aut et nemo ratione repellendus ut consequatur. Repellendus itaque consequuntur nam provident est sint. Quibusdam quibusdam eveniet officiis doloribus corporis exercitationem eum.', 5, '2019-02-13 01:02:47', '2019-02-13 01:02:47'),
(252, 111, 'Idella Witting', 'A pariatur quia quasi recusandae. Quas nihil soluta modi molestiae sequi laboriosam. Voluptates quidem dolorem et magnam animi.', 5, '2019-02-13 01:02:47', '2019-02-13 01:02:47'),
(253, 279, 'Sheldon Ebert', 'Ex nemo et quibusdam sunt. Vitae consequatur expedita nam optio. Ipsum velit voluptatem expedita sed provident. Vel nemo quam voluptatum architecto sed praesentium dolores.', 5, '2019-02-13 01:02:47', '2019-02-13 01:02:47'),
(254, 4, 'Guy Farrell', 'Commodi fugiat aspernatur tenetur et nihil asperiores aut unde. Quibusdam suscipit exercitationem suscipit esse consequuntur dignissimos molestiae. Nisi sequi odit soluta consequuntur est qui.', 5, '2019-02-13 01:02:47', '2019-02-13 01:02:47'),
(255, 146, 'Jermey Hettinger', 'Quo dolore dolor et qui quo enim. Odit minus quis magnam incidunt laborum quia labore. Eveniet dolorem placeat numquam provident labore impedit ipsa. Veniam doloremque ipsum unde dolor qui.', 4, '2019-02-13 01:02:47', '2019-02-13 01:02:47'),
(256, 30, 'Abelardo Ankunding', 'Aliquam illo excepturi assumenda sequi occaecati at. Est qui blanditiis reiciendis eum iusto. Natus deserunt aspernatur aspernatur architecto quos. Qui accusantium minima nesciunt quo maxime. Omnis temporibus fugiat quod quod ducimus.', 1, '2019-02-13 01:02:47', '2019-02-13 01:02:47'),
(257, 166, 'Prof. Jaycee Nitzsche', 'Reiciendis vel qui quo natus cupiditate debitis tenetur. Dignissimos omnis voluptatibus sed quia. Qui hic nostrum et quis dolorem voluptas. Totam ut qui voluptatum aliquid.', 4, '2019-02-13 01:02:47', '2019-02-13 01:02:47'),
(258, 106, 'Paige Hessel', 'Dolores aut praesentium distinctio architecto nobis. Aliquam repellat aut dolores voluptas repellendus molestias. Provident modi labore enim quod id.', 2, '2019-02-13 01:02:47', '2019-02-13 01:02:47'),
(259, 264, 'Prof. Emmett Lebsack MD', 'Non veniam natus expedita enim pariatur et. Eum cumque quasi est est neque doloribus laborum vitae. Eligendi facilis sed consectetur sequi alias. Sed enim totam esse aperiam magnam quos aut.', 3, '2019-02-13 01:02:47', '2019-02-13 01:02:47'),
(260, 263, 'Isadore Predovic', 'Laudantium dolor id quis qui neque natus dicta. Fugiat ullam voluptatem enim et.', 1, '2019-02-13 01:02:47', '2019-02-13 01:02:47'),
(261, 194, 'Junior Mertz', 'Facilis nobis vero rerum nisi quo distinctio. Est et maiores iure et sequi asperiores. Qui eveniet qui saepe et omnis eos. Veritatis nostrum provident soluta dolor harum sit maiores. Ipsum qui perferendis pariatur quasi necessitatibus aut magnam.', 1, '2019-02-13 01:02:47', '2019-02-13 01:02:47'),
(262, 174, 'Prof. Emile DuBuque PhD', 'Ut molestiae perferendis asperiores laudantium fuga in voluptas unde. Consequatur aut et fugiat dignissimos assumenda. Consequuntur eaque quos consequuntur sapiente. Mollitia voluptas quae incidunt quisquam. Molestiae et delectus explicabo officia voluptates.', 1, '2019-02-13 01:02:47', '2019-02-13 01:02:47'),
(263, 168, 'Jerald Padberg', 'Libero corrupti repellat rerum eum adipisci tempore. Consequuntur similique magnam quia beatae. Non eum occaecati autem aliquam labore tempora.', 1, '2019-02-13 01:02:47', '2019-02-13 01:02:47'),
(264, 133, 'Myah Funk', 'Consectetur atque minima aut incidunt laudantium rerum suscipit. Voluptatem mollitia molestiae animi. Nobis iure sit reiciendis odio sint minima.', 2, '2019-02-13 01:02:47', '2019-02-13 01:02:47'),
(265, 132, 'Alda Lemke', 'Nobis qui et consequatur magnam. Voluptatem aut ducimus sed ut. Excepturi sed voluptas culpa modi molestiae totam.', 5, '2019-02-13 01:02:48', '2019-02-13 01:02:48'),
(266, 116, 'Trent Howell', 'Aut odio quia quasi amet architecto autem deserunt. Aperiam vitae perferendis laboriosam ut vero. In deserunt ducimus voluptates velit qui quisquam repellat.', 1, '2019-02-13 01:02:48', '2019-02-13 01:02:48'),
(267, 174, 'Dr. Newell Feest', 'Eligendi ducimus natus qui aspernatur. Dolorum alias ut commodi voluptates suscipit minus. Sunt deserunt et distinctio eligendi eum similique. Autem iure eos cupiditate doloribus laudantium esse amet.', 0, '2019-02-13 01:02:48', '2019-02-13 01:02:48'),
(268, 62, 'Kevin Labadie', 'Qui molestiae dolor sed quas esse praesentium voluptate delectus. Laborum ipsa repellat dolorem ducimus eligendi numquam. Aspernatur quibusdam non dolor ut perspiciatis. Aut et odit sit sunt deleniti. Consequatur reprehenderit sed aspernatur sit.', 4, '2019-02-13 01:02:48', '2019-02-13 01:02:48'),
(269, 135, 'Mrs. Mya Hilpert', 'Sunt nihil esse facere qui. Quod aut et ipsum provident maxime. Debitis et quibusdam in doloribus excepturi maiores earum non. Sint qui doloribus nihil pariatur quia eum. Quia adipisci ut doloremque.', 5, '2019-02-13 01:02:48', '2019-02-13 01:02:48'),
(270, 195, 'Ms. Dana Stracke I', 'Qui consequuntur veritatis libero nisi animi sint. Inventore qui unde dignissimos. Illum molestiae ut ab provident tenetur qui. Occaecati quia dignissimos maiores sunt velit est accusamus.', 1, '2019-02-13 01:02:48', '2019-02-13 01:02:48'),
(271, 218, 'Margarett Emard', 'Corrupti non dolor occaecati vero. Dolorem magni voluptatem et ut. Molestiae sit vero occaecati omnis dignissimos aspernatur. Earum cumque vel sapiente fugit.', 0, '2019-02-13 01:02:48', '2019-02-13 01:02:48'),
(272, 247, 'Yesenia Hintz', 'Sed aliquid a ducimus et perferendis natus earum suscipit. Nihil error molestias provident assumenda occaecati vel. Rerum et et culpa deleniti. Consequuntur nisi incidunt eius error voluptatem est.', 5, '2019-02-13 01:02:48', '2019-02-13 01:02:48'),
(273, 213, 'Dorris Satterfield DDS', 'Doloremque est rerum velit id possimus molestias. Amet quia ipsa aut doloremque rerum. Libero sint dolor sit voluptas dolore ut. Reprehenderit dolorum rerum fuga dolores sed doloribus. Natus explicabo et illum omnis voluptatem.', 0, '2019-02-13 01:02:48', '2019-02-13 01:02:48'),
(274, 130, 'Prof. Watson Goodwin', 'Eos et consequatur blanditiis possimus similique numquam maiores. Sequi molestiae eum facilis in sit ratione. Non nostrum odio cum dignissimos id sed. Consectetur deserunt quo quaerat.', 2, '2019-02-13 01:02:48', '2019-02-13 01:02:48'),
(275, 182, 'Augustus Heaney', 'Ut vel atque repudiandae sed. Repellendus enim dolores beatae suscipit ex vitae. Pariatur atque dolor suscipit sed voluptatum. Consequuntur nam nisi sed dicta doloribus.', 4, '2019-02-13 01:02:48', '2019-02-13 01:02:48'),
(276, 141, 'Mr. Edd Feeney II', 'Officia autem modi id id. Omnis consequatur at maxime porro. Quae ipsum magnam exercitationem facere et quo. Velit sed perferendis et. Magni nesciunt voluptas iure.', 5, '2019-02-13 01:02:48', '2019-02-13 01:02:48'),
(277, 277, 'Jany Doyle', 'Rem ipsum sit qui. Voluptates voluptate rerum dignissimos deserunt ipsum ducimus voluptatem. Eum consequatur ducimus aut sit est et. Est repellat beatae culpa sed pariatur.', 3, '2019-02-13 01:02:48', '2019-02-13 01:02:48'),
(278, 149, 'Leola Spencer', 'Illum ut ea beatae. Facilis et adipisci ut nobis deleniti. Asperiores exercitationem nihil rerum veniam ut. Vero velit quis eos quidem eum quia.', 0, '2019-02-13 01:02:49', '2019-02-13 01:02:49'),
(279, 56, 'Agustin Parker', 'Omnis ipsum doloremque iusto facere. Ipsa est dolores id cumque qui eligendi libero. Pariatur omnis voluptatem voluptatibus laborum voluptas.', 5, '2019-02-13 01:02:49', '2019-02-13 01:02:49'),
(280, 45, 'Isac Kunde', 'Doloremque cupiditate officia veniam expedita dignissimos amet. Praesentium sed sapiente nihil consequatur rem et fugiat vitae. Debitis ipsa deleniti quia alias vitae aspernatur. Ad et repellat veniam sunt.', 0, '2019-02-13 01:02:49', '2019-02-13 01:02:49'),
(281, 166, 'Prof. Alice Hoppe IV', 'Sed amet sit cupiditate rerum iure. Possimus debitis dolores eos hic. Reprehenderit omnis non quibusdam molestiae.', 2, '2019-02-13 01:02:49', '2019-02-13 01:02:49'),
(282, 68, 'Austen Dach PhD', 'Aperiam sequi et dolorem. Iusto at quis veritatis ratione. Quisquam ut et esse porro ut veniam. Molestiae optio in aut optio magni.', 3, '2019-02-13 01:02:49', '2019-02-13 01:02:49'),
(283, 293, 'Prof. Stone Gibson', 'Illum at dolor et non enim ratione pariatur. Omnis quam in eos molestiae. Consequatur sed et dolores neque alias nulla.', 3, '2019-02-13 01:02:49', '2019-02-13 01:02:49'),
(284, 239, 'Jefferey Balistreri', 'Omnis et delectus illum molestiae. Hic illo debitis ipsum quibusdam aut. Quia at eius perspiciatis sint eius mollitia labore voluptas.', 2, '2019-02-13 01:02:49', '2019-02-13 01:02:49'),
(285, 136, 'Raleigh Ziemann', 'Iste est aut ut quisquam at. Voluptate aut rerum dolores quisquam rem.', 3, '2019-02-13 01:02:49', '2019-02-13 01:02:49'),
(286, 247, 'Dr. Sophia Shields', 'Perspiciatis accusamus atque quia enim. Perferendis optio ut sit cum cum voluptas. Adipisci qui aut aspernatur quis est voluptatem. Rerum labore voluptatibus eius itaque inventore itaque.', 0, '2019-02-13 01:02:49', '2019-02-13 01:02:49'),
(287, 188, 'Prof. Antonio Stehr', 'Repellendus quia voluptas ut ipsum. Quis et ducimus voluptatum. Porro inventore nesciunt qui fugit doloremque amet veritatis et.', 1, '2019-02-13 01:02:49', '2019-02-13 01:02:49'),
(288, 83, 'Isidro Strosin PhD', 'Est optio rerum atque commodi. Fuga sit laudantium eos. Est aut nam numquam aperiam. Dolor optio fugiat repudiandae unde sapiente molestiae.', 0, '2019-02-13 01:02:49', '2019-02-13 01:02:49'),
(289, 297, 'Prof. Devan Metz PhD', 'Labore earum nihil assumenda voluptas. Laudantium velit necessitatibus quae expedita sint id. Voluptas deserunt dolor est id numquam et facere.', 0, '2019-02-13 01:02:49', '2019-02-13 01:02:49'),
(290, 165, 'Mr. Noel Schneider Sr.', 'Reprehenderit nostrum perferendis sint ex sunt eveniet. Consequatur et eius necessitatibus. Ut harum est vel explicabo possimus aut incidunt natus.', 2, '2019-02-13 01:02:49', '2019-02-13 01:02:49'),
(291, 145, 'Adolfo Christiansen', 'Et quia veniam qui voluptates nostrum. Aut debitis sit neque voluptatem cum sint. Necessitatibus voluptatem iure aliquid error expedita itaque sunt. Illum doloribus et doloremque ex nam omnis qui molestias.', 4, '2019-02-13 01:02:49', '2019-02-13 01:02:49'),
(292, 293, 'Yvonne Bahringer', 'Aliquid molestiae qui velit delectus sit consequatur aut. Eos temporibus ducimus incidunt ut tempore. Similique voluptas odio quas molestiae enim quas est.', 0, '2019-02-13 01:02:50', '2019-02-13 01:02:50'),
(293, 139, 'Adella Armstrong', 'Ullam voluptate at vero id. Qui eum et sed labore ea error. Et explicabo molestiae est fugiat.', 0, '2019-02-13 01:02:50', '2019-02-13 01:02:50'),
(294, 97, 'Reva Kuhic', 'Et id reprehenderit doloribus officia illum nobis. Sapiente facilis amet unde amet culpa explicabo. Excepturi labore exercitationem veritatis quidem.', 5, '2019-02-13 01:02:50', '2019-02-13 01:02:50'),
(295, 89, 'Miss Katelin Buckridge', 'Molestiae totam itaque voluptatem qui occaecati animi quia. Est magni vel deserunt voluptatem reprehenderit aut corrupti. Et maiores est nihil voluptatum mollitia. Velit ipsa odit quod omnis.', 3, '2019-02-13 01:02:50', '2019-02-13 01:02:50'),
(296, 296, 'Heaven Wilkinson', 'Incidunt recusandae dolores saepe saepe voluptas. Eveniet ipsam quae exercitationem similique nesciunt est accusamus.', 3, '2019-02-13 01:02:50', '2019-02-13 01:02:50'),
(297, 290, 'Mrs. Dulce Runte II', 'Voluptas numquam quaerat eum doloremque voluptates ullam aut id. Vel aut rem rerum et repellat dignissimos voluptatem. Maxime odio eos soluta vel blanditiis accusantium.', 0, '2019-02-13 01:02:50', '2019-02-13 01:02:50'),
(298, 151, 'Dario Smitham MD', 'Cum illum ut aut reprehenderit qui. Ullam aut molestiae accusamus. Sit inventore vel quaerat optio voluptatum.', 3, '2019-02-13 01:02:50', '2019-02-13 01:02:50'),
(299, 198, 'Marvin Larson', 'Eveniet odio recusandae praesentium quas et. Fuga voluptatem commodi exercitationem earum sit sint distinctio. Rerum itaque nihil aut. Saepe sint esse est rem commodi.', 4, '2019-02-13 01:02:50', '2019-02-13 01:02:50'),
(300, 134, 'Eula Bode', 'Eveniet minus dolore unde minus consequatur dignissimos. Quis ratione debitis consequatur perferendis ut. Adipisci eos possimus consequatur quasi ratione voluptate repellendus non. Id saepe quod quis nam.', 5, '2019-02-13 01:02:50', '2019-02-13 01:02:50');

-- --------------------------------------------------------

--
-- Table structure for table `users`
--

CREATE TABLE `users` (
  `id` int(10) UNSIGNED NOT NULL,
  `name` varchar(255) COLLATE utf8mb4_unicode_ci NOT NULL,
  `email` varchar(255) COLLATE utf8mb4_unicode_ci NOT NULL,
  `password` varchar(255) COLLATE utf8mb4_unicode_ci NOT NULL,
  `remember_token` varchar(100) COLLATE utf8mb4_unicode_ci DEFAULT NULL,
  `created_at` timestamp NULL DEFAULT NULL,
  `updated_at` timestamp NULL DEFAULT NULL
) ENGINE=InnoDB DEFAULT CHARSET=utf8mb4 COLLATE=utf8mb4_unicode_ci;

--
-- Dumping data for table `users`
--

INSERT INTO `users` (`id`, `name`, `email`, `password`, `remember_token`, `created_at`, `updated_at`) VALUES
(1, 'Joy', 'joy@joy.com', '$2y$10$X0wxPHfL6N/UTaJAC5U9Fe5UEl9xVjhvfJ6C7r/CgsvhG6GsuClmm', NULL, '2019-02-14 01:43:17', '2019-02-14 01:43:17');

--
-- Indexes for dumped tables
--

--
-- Indexes for table `migrations`
--
ALTER TABLE `migrations`
  ADD PRIMARY KEY (`id`);

--
-- Indexes for table `oauth_access_tokens`
--
ALTER TABLE `oauth_access_tokens`
  ADD PRIMARY KEY (`id`),
  ADD KEY `oauth_access_tokens_user_id_index` (`user_id`);

--
-- Indexes for table `oauth_auth_codes`
--
ALTER TABLE `oauth_auth_codes`
  ADD PRIMARY KEY (`id`);

--
-- Indexes for table `oauth_clients`
--
ALTER TABLE `oauth_clients`
  ADD PRIMARY KEY (`id`),
  ADD KEY `oauth_clients_user_id_index` (`user_id`);

--
-- Indexes for table `oauth_personal_access_clients`
--
ALTER TABLE `oauth_personal_access_clients`
  ADD PRIMARY KEY (`id`),
  ADD KEY `oauth_personal_access_clients_client_id_index` (`client_id`);

--
-- Indexes for table `oauth_refresh_tokens`
--
ALTER TABLE `oauth_refresh_tokens`
  ADD PRIMARY KEY (`id`),
  ADD KEY `oauth_refresh_tokens_access_token_id_index` (`access_token_id`);

--
-- Indexes for table `password_resets`
--
ALTER TABLE `password_resets`
  ADD KEY `password_resets_email_index` (`email`);

--
-- Indexes for table `products`
--
ALTER TABLE `products`
  ADD PRIMARY KEY (`id`);

--
-- Indexes for table `reviews`
--
ALTER TABLE `reviews`
  ADD PRIMARY KEY (`id`),
  ADD KEY `reviews_product_id_index` (`product_id`);

--
-- Indexes for table `users`
--
ALTER TABLE `users`
  ADD PRIMARY KEY (`id`),
  ADD UNIQUE KEY `users_email_unique` (`email`);

--
-- AUTO_INCREMENT for dumped tables
--

--
-- AUTO_INCREMENT for table `migrations`
--
ALTER TABLE `migrations`
  MODIFY `id` int(10) UNSIGNED NOT NULL AUTO_INCREMENT, AUTO_INCREMENT=10;
--
-- AUTO_INCREMENT for table `oauth_clients`
--
ALTER TABLE `oauth_clients`
  MODIFY `id` int(10) UNSIGNED NOT NULL AUTO_INCREMENT, AUTO_INCREMENT=3;
--
-- AUTO_INCREMENT for table `oauth_personal_access_clients`
--
ALTER TABLE `oauth_personal_access_clients`
  MODIFY `id` int(10) UNSIGNED NOT NULL AUTO_INCREMENT, AUTO_INCREMENT=2;
--
-- AUTO_INCREMENT for table `products`
--
ALTER TABLE `products`
  MODIFY `id` int(10) UNSIGNED NOT NULL AUTO_INCREMENT, AUTO_INCREMENT=303;
--
-- AUTO_INCREMENT for table `reviews`
--
ALTER TABLE `reviews`
  MODIFY `id` int(10) UNSIGNED NOT NULL AUTO_INCREMENT, AUTO_INCREMENT=301;
--
-- AUTO_INCREMENT for table `users`
--
ALTER TABLE `users`
  MODIFY `id` int(10) UNSIGNED NOT NULL AUTO_INCREMENT, AUTO_INCREMENT=2;
--
-- Constraints for dumped tables
--

--
-- Constraints for table `reviews`
--
ALTER TABLE `reviews`
  ADD CONSTRAINT `reviews_product_id_foreign` FOREIGN KEY (`product_id`) REFERENCES `products` (`id`) ON DELETE CASCADE;

/*!40101 SET CHARACTER_SET_CLIENT=@OLD_CHARACTER_SET_CLIENT */;
/*!40101 SET CHARACTER_SET_RESULTS=@OLD_CHARACTER_SET_RESULTS */;
/*!40101 SET COLLATION_CONNECTION=@OLD_COLLATION_CONNECTION */;
